"","categories.allowed","total.counts","file.name","total.filecounts","rel.filecount","strain","recording"
"1","flat",2,"T0000083",6,0.333333333333333,"SD","MomAlone"
"2","flat-z",0,"T0000083",6,0,"SD","MomAlone"
"3","flat-mz",0,"T0000083",6,0,"SD","MomAlone"
"4","short",3,"T0000083",6,0.5,"SD","MomAlone"
"5","short-su",0,"T0000083",6,0,"SD","MomAlone"
"6","short-sd",0,"T0000083",6,0,"SD","MomAlone"
"7","short-ur",0,"T0000083",6,0,"SD","MomAlone"
"8","short-dr",0,"T0000083",6,0,"SD","MomAlone"
"9","short-c",0,"T0000083",6,0,"SD","MomAlone"
"10","complex",0,"T0000083",6,0,"SD","MomAlone"
"11","upward ramp",0,"T0000083",6,0,"SD","MomAlone"
"12","downward ramp",0,"T0000083",6,0,"SD","MomAlone"
"13","step up",0,"T0000083",6,0,"SD","MomAlone"
"14","step down",0,"T0000083",6,0,"SD","MomAlone"
"15","multi-step",0,"T0000083",6,0,"SD","MomAlone"
"16","multi-step-s",0,"T0000083",6,0,"SD","MomAlone"
"17","trill",0,"T0000083",6,0,"SD","MomAlone"
"18","trill-c",0,"T0000083",6,0,"SD","MomAlone"
"19","trill-f",1,"T0000083",6,0.166666666666667,"SD","MomAlone"
"20","inverted-U",0,"T0000083",6,0,"SD","MomAlone"
"21","unclear",0,"T0000083",6,0,"SD","MomAlone"
"22","flat",0,"T0000084",19,0,"SD","PupsSep"
"23","flat-z",0,"T0000084",19,0,"SD","PupsSep"
"24","flat-mz",0,"T0000084",19,0,"SD","PupsSep"
"25","short",14,"T0000084",19,0.736842105263158,"SD","PupsSep"
"26","short-su",0,"T0000084",19,0,"SD","PupsSep"
"27","short-sd",0,"T0000084",19,0,"SD","PupsSep"
"28","short-ur",2,"T0000084",19,0.105263157894737,"SD","PupsSep"
"29","short-dr",0,"T0000084",19,0,"SD","PupsSep"
"30","short-c",0,"T0000084",19,0,"SD","PupsSep"
"31","complex",0,"T0000084",19,0,"SD","PupsSep"
"32","upward ramp",0,"T0000084",19,0,"SD","PupsSep"
"33","downward ramp",0,"T0000084",19,0,"SD","PupsSep"
"34","step up",0,"T0000084",19,0,"SD","PupsSep"
"35","step down",0,"T0000084",19,0,"SD","PupsSep"
"36","multi-step",0,"T0000084",19,0,"SD","PupsSep"
"37","multi-step-s",0,"T0000084",19,0,"SD","PupsSep"
"38","trill",0,"T0000084",19,0,"SD","PupsSep"
"39","trill-c",0,"T0000084",19,0,"SD","PupsSep"
"40","trill-f",0,"T0000084",19,0,"SD","PupsSep"
"41","inverted-U",0,"T0000084",19,0,"SD","PupsSep"
"42","unclear",3,"T0000084",19,0.157894736842105,"SD","PupsSep"
"43","flat",2428,"T0000085",3300,0.735757575757576,"SD","MBT"
"44","flat-z",392,"T0000085",3300,0.118787878787879,"SD","MBT"
"45","flat-mz",118,"T0000085",3300,0.0357575757575758,"SD","MBT"
"46","short",243,"T0000085",3300,0.0736363636363636,"SD","MBT"
"47","short-su",1,"T0000085",3300,0.000303030303030303,"SD","MBT"
"48","short-sd",0,"T0000085",3300,0,"SD","MBT"
"49","short-ur",7,"T0000085",3300,0.00212121212121212,"SD","MBT"
"50","short-dr",2,"T0000085",3300,0.000606060606060606,"SD","MBT"
"51","short-c",4,"T0000085",3300,0.00121212121212121,"SD","MBT"
"52","complex",41,"T0000085",3300,0.0124242424242424,"SD","MBT"
"53","upward ramp",11,"T0000085",3300,0.00333333333333333,"SD","MBT"
"54","downward ramp",2,"T0000085",3300,0.000606060606060606,"SD","MBT"
"55","step up",16,"T0000085",3300,0.00484848484848485,"SD","MBT"
"56","step down",20,"T0000085",3300,0.00606060606060606,"SD","MBT"
"57","multi-step",1,"T0000085",3300,0.000303030303030303,"SD","MBT"
"58","multi-step-s",0,"T0000085",3300,0,"SD","MBT"
"59","trill",1,"T0000085",3300,0.000303030303030303,"SD","MBT"
"60","trill-c",0,"T0000085",3300,0,"SD","MBT"
"61","trill-f",0,"T0000085",3300,0,"SD","MBT"
"62","inverted-U",0,"T0000085",3300,0,"SD","MBT"
"63","unclear",13,"T0000085",3300,0.00393939393939394,"SD","MBT"
"64","flat",286,"T0000087",486,0.588477366255144,"SD","Fpupiso"
"65","flat-z",83,"T0000087",486,0.170781893004115,"SD","Fpupiso"
"66","flat-mz",95,"T0000087",486,0.195473251028807,"SD","Fpupiso"
"67","short",18,"T0000087",486,0.037037037037037,"SD","Fpupiso"
"68","short-su",0,"T0000087",486,0,"SD","Fpupiso"
"69","short-sd",0,"T0000087",486,0,"SD","Fpupiso"
"70","short-ur",0,"T0000087",486,0,"SD","Fpupiso"
"71","short-dr",0,"T0000087",486,0,"SD","Fpupiso"
"72","short-c",0,"T0000087",486,0,"SD","Fpupiso"
"73","complex",2,"T0000087",486,0.00411522633744856,"SD","Fpupiso"
"74","upward ramp",2,"T0000087",486,0.00411522633744856,"SD","Fpupiso"
"75","downward ramp",0,"T0000087",486,0,"SD","Fpupiso"
"76","step up",0,"T0000087",486,0,"SD","Fpupiso"
"77","step down",0,"T0000087",486,0,"SD","Fpupiso"
"78","multi-step",0,"T0000087",486,0,"SD","Fpupiso"
"79","multi-step-s",0,"T0000087",486,0,"SD","Fpupiso"
"80","trill",0,"T0000087",486,0,"SD","Fpupiso"
"81","trill-c",0,"T0000087",486,0,"SD","Fpupiso"
"82","trill-f",0,"T0000087",486,0,"SD","Fpupiso"
"83","inverted-U",0,"T0000087",486,0,"SD","Fpupiso"
"84","unclear",0,"T0000087",486,0,"SD","Fpupiso"
"85","flat",105,"T0000088",141,0.74468085106383,"SD","Mpupiso"
"86","flat-z",29,"T0000088",141,0.205673758865248,"SD","Mpupiso"
"87","flat-mz",7,"T0000088",141,0.049645390070922,"SD","Mpupiso"
"88","short",0,"T0000088",141,0,"SD","Mpupiso"
"89","short-su",0,"T0000088",141,0,"SD","Mpupiso"
"90","short-sd",0,"T0000088",141,0,"SD","Mpupiso"
"91","short-ur",0,"T0000088",141,0,"SD","Mpupiso"
"92","short-dr",0,"T0000088",141,0,"SD","Mpupiso"
"93","short-c",0,"T0000088",141,0,"SD","Mpupiso"
"94","complex",0,"T0000088",141,0,"SD","Mpupiso"
"95","upward ramp",0,"T0000088",141,0,"SD","Mpupiso"
"96","downward ramp",0,"T0000088",141,0,"SD","Mpupiso"
"97","step up",0,"T0000088",141,0,"SD","Mpupiso"
"98","step down",0,"T0000088",141,0,"SD","Mpupiso"
"99","multi-step",0,"T0000088",141,0,"SD","Mpupiso"
"100","multi-step-s",0,"T0000088",141,0,"SD","Mpupiso"
"101","trill",0,"T0000088",141,0,"SD","Mpupiso"
"102","trill-c",0,"T0000088",141,0,"SD","Mpupiso"
"103","trill-f",0,"T0000088",141,0,"SD","Mpupiso"
"104","inverted-U",0,"T0000088",141,0,"SD","Mpupiso"
"105","unclear",0,"T0000088",141,0,"SD","Mpupiso"
"106","flat",0,"T0000089",8,0,"WK","MomAlone"
"107","flat-z",1,"T0000089",8,0.125,"WK","MomAlone"
"108","flat-mz",0,"T0000089",8,0,"WK","MomAlone"
"109","short",5,"T0000089",8,0.625,"WK","MomAlone"
"110","short-su",0,"T0000089",8,0,"WK","MomAlone"
"111","short-sd",0,"T0000089",8,0,"WK","MomAlone"
"112","short-ur",0,"T0000089",8,0,"WK","MomAlone"
"113","short-dr",0,"T0000089",8,0,"WK","MomAlone"
"114","short-c",0,"T0000089",8,0,"WK","MomAlone"
"115","complex",0,"T0000089",8,0,"WK","MomAlone"
"116","upward ramp",0,"T0000089",8,0,"WK","MomAlone"
"117","downward ramp",0,"T0000089",8,0,"WK","MomAlone"
"118","step up",0,"T0000089",8,0,"WK","MomAlone"
"119","step down",0,"T0000089",8,0,"WK","MomAlone"
"120","multi-step",0,"T0000089",8,0,"WK","MomAlone"
"121","multi-step-s",0,"T0000089",8,0,"WK","MomAlone"
"122","trill",0,"T0000089",8,0,"WK","MomAlone"
"123","trill-c",0,"T0000089",8,0,"WK","MomAlone"
"124","trill-f",0,"T0000089",8,0,"WK","MomAlone"
"125","inverted-U",0,"T0000089",8,0,"WK","MomAlone"
"126","unclear",2,"T0000089",8,0.25,"WK","MomAlone"
"127","flat",0,"T0000090",4,0,"WK","PupsSep"
"128","flat-z",0,"T0000090",4,0,"WK","PupsSep"
"129","flat-mz",0,"T0000090",4,0,"WK","PupsSep"
"130","short",4,"T0000090",4,1,"WK","PupsSep"
"131","short-su",0,"T0000090",4,0,"WK","PupsSep"
"132","short-sd",0,"T0000090",4,0,"WK","PupsSep"
"133","short-ur",0,"T0000090",4,0,"WK","PupsSep"
"134","short-dr",0,"T0000090",4,0,"WK","PupsSep"
"135","short-c",0,"T0000090",4,0,"WK","PupsSep"
"136","complex",0,"T0000090",4,0,"WK","PupsSep"
"137","upward ramp",0,"T0000090",4,0,"WK","PupsSep"
"138","downward ramp",0,"T0000090",4,0,"WK","PupsSep"
"139","step up",0,"T0000090",4,0,"WK","PupsSep"
"140","step down",0,"T0000090",4,0,"WK","PupsSep"
"141","multi-step",0,"T0000090",4,0,"WK","PupsSep"
"142","multi-step-s",0,"T0000090",4,0,"WK","PupsSep"
"143","trill",0,"T0000090",4,0,"WK","PupsSep"
"144","trill-c",0,"T0000090",4,0,"WK","PupsSep"
"145","trill-f",0,"T0000090",4,0,"WK","PupsSep"
"146","inverted-U",0,"T0000090",4,0,"WK","PupsSep"
"147","unclear",0,"T0000090",4,0,"WK","PupsSep"
"148","flat",265,"T0000091",645,0.410852713178295,"WK","MBT"
"149","flat-z",23,"T0000091",645,0.0356589147286822,"WK","MBT"
"150","flat-mz",12,"T0000091",645,0.0186046511627907,"WK","MBT"
"151","short",157,"T0000091",645,0.243410852713178,"WK","MBT"
"152","short-su",2,"T0000091",645,0.00310077519379845,"WK","MBT"
"153","short-sd",2,"T0000091",645,0.00310077519379845,"WK","MBT"
"154","short-ur",11,"T0000091",645,0.0170542635658915,"WK","MBT"
"155","short-dr",3,"T0000091",645,0.00465116279069767,"WK","MBT"
"156","short-c",20,"T0000091",645,0.0310077519379845,"WK","MBT"
"157","complex",18,"T0000091",645,0.027906976744186,"WK","MBT"
"158","upward ramp",3,"T0000091",645,0.00465116279069767,"WK","MBT"
"159","downward ramp",0,"T0000091",645,0,"WK","MBT"
"160","step up",14,"T0000091",645,0.0217054263565891,"WK","MBT"
"161","step down",6,"T0000091",645,0.00930232558139535,"WK","MBT"
"162","multi-step",2,"T0000091",645,0.00310077519379845,"WK","MBT"
"163","multi-step-s",0,"T0000091",645,0,"WK","MBT"
"164","trill",65,"T0000091",645,0.10077519379845,"WK","MBT"
"165","trill-c",22,"T0000091",645,0.0341085271317829,"WK","MBT"
"166","trill-f",2,"T0000091",645,0.00310077519379845,"WK","MBT"
"167","inverted-U",3,"T0000091",645,0.00465116279069767,"WK","MBT"
"168","unclear",15,"T0000091",645,0.0232558139534884,"WK","MBT"
"169","flat",24,"T0000092",47,0.51063829787234,"WK","Fpupiso"
"170","flat-z",16,"T0000092",47,0.340425531914894,"WK","Fpupiso"
"171","flat-mz",3,"T0000092",47,0.0638297872340425,"WK","Fpupiso"
"172","short",2,"T0000092",47,0.0425531914893617,"WK","Fpupiso"
"173","short-su",0,"T0000092",47,0,"WK","Fpupiso"
"174","short-sd",0,"T0000092",47,0,"WK","Fpupiso"
"175","short-ur",0,"T0000092",47,0,"WK","Fpupiso"
"176","short-dr",0,"T0000092",47,0,"WK","Fpupiso"
"177","short-c",0,"T0000092",47,0,"WK","Fpupiso"
"178","complex",0,"T0000092",47,0,"WK","Fpupiso"
"179","upward ramp",0,"T0000092",47,0,"WK","Fpupiso"
"180","downward ramp",0,"T0000092",47,0,"WK","Fpupiso"
"181","step up",2,"T0000092",47,0.0425531914893617,"WK","Fpupiso"
"182","step down",0,"T0000092",47,0,"WK","Fpupiso"
"183","multi-step",0,"T0000092",47,0,"WK","Fpupiso"
"184","multi-step-s",0,"T0000092",47,0,"WK","Fpupiso"
"185","trill",0,"T0000092",47,0,"WK","Fpupiso"
"186","trill-c",0,"T0000092",47,0,"WK","Fpupiso"
"187","trill-f",0,"T0000092",47,0,"WK","Fpupiso"
"188","inverted-U",0,"T0000092",47,0,"WK","Fpupiso"
"189","unclear",0,"T0000092",47,0,"WK","Fpupiso"
"190","flat",37,"T0000093",81,0.45679012345679,"WK","Mpupiso"
"191","flat-z",8,"T0000093",81,0.0987654320987654,"WK","Mpupiso"
"192","flat-mz",3,"T0000093",81,0.037037037037037,"WK","Mpupiso"
"193","short",19,"T0000093",81,0.234567901234568,"WK","Mpupiso"
"194","short-su",0,"T0000093",81,0,"WK","Mpupiso"
"195","short-sd",0,"T0000093",81,0,"WK","Mpupiso"
"196","short-ur",2,"T0000093",81,0.0246913580246914,"WK","Mpupiso"
"197","short-dr",0,"T0000093",81,0,"WK","Mpupiso"
"198","short-c",10,"T0000093",81,0.123456790123457,"WK","Mpupiso"
"199","complex",0,"T0000093",81,0,"WK","Mpupiso"
"200","upward ramp",0,"T0000093",81,0,"WK","Mpupiso"
"201","downward ramp",1,"T0000093",81,0.0123456790123457,"WK","Mpupiso"
"202","step up",1,"T0000093",81,0.0123456790123457,"WK","Mpupiso"
"203","step down",0,"T0000093",81,0,"WK","Mpupiso"
"204","multi-step",0,"T0000093",81,0,"WK","Mpupiso"
"205","multi-step-s",0,"T0000093",81,0,"WK","Mpupiso"
"206","trill",0,"T0000093",81,0,"WK","Mpupiso"
"207","trill-c",0,"T0000093",81,0,"WK","Mpupiso"
"208","trill-f",0,"T0000093",81,0,"WK","Mpupiso"
"209","inverted-U",0,"T0000093",81,0,"WK","Mpupiso"
"210","unclear",0,"T0000093",81,0,"WK","Mpupiso"
"211","flat",50,"T0000095",160,0.3125,"WK","PupsSep"
"212","flat-z",1,"T0000095",160,0.00625,"WK","PupsSep"
"213","flat-mz",0,"T0000095",160,0,"WK","PupsSep"
"214","short",60,"T0000095",160,0.375,"WK","PupsSep"
"215","short-su",1,"T0000095",160,0.00625,"WK","PupsSep"
"216","short-sd",2,"T0000095",160,0.0125,"WK","PupsSep"
"217","short-ur",0,"T0000095",160,0,"WK","PupsSep"
"218","short-dr",0,"T0000095",160,0,"WK","PupsSep"
"219","short-c",0,"T0000095",160,0,"WK","PupsSep"
"220","complex",1,"T0000095",160,0.00625,"WK","PupsSep"
"221","upward ramp",21,"T0000095",160,0.13125,"WK","PupsSep"
"222","downward ramp",0,"T0000095",160,0,"WK","PupsSep"
"223","step up",4,"T0000095",160,0.025,"WK","PupsSep"
"224","step down",4,"T0000095",160,0.025,"WK","PupsSep"
"225","multi-step",2,"T0000095",160,0.0125,"WK","PupsSep"
"226","multi-step-s",0,"T0000095",160,0,"WK","PupsSep"
"227","trill",1,"T0000095",160,0.00625,"WK","PupsSep"
"228","trill-c",0,"T0000095",160,0,"WK","PupsSep"
"229","trill-f",2,"T0000095",160,0.0125,"WK","PupsSep"
"230","inverted-U",5,"T0000095",160,0.03125,"WK","PupsSep"
"231","unclear",6,"T0000095",160,0.0375,"WK","PupsSep"
"232","flat",84,"T0000096",340,0.247058823529412,"WK","MBT"
"233","flat-z",50,"T0000096",340,0.147058823529412,"WK","MBT"
"234","flat-mz",2,"T0000096",340,0.00588235294117647,"WK","MBT"
"235","short",82,"T0000096",340,0.241176470588235,"WK","MBT"
"236","short-su",1,"T0000096",340,0.00294117647058824,"WK","MBT"
"237","short-sd",0,"T0000096",340,0,"WK","MBT"
"238","short-ur",1,"T0000096",340,0.00294117647058824,"WK","MBT"
"239","short-dr",0,"T0000096",340,0,"WK","MBT"
"240","short-c",5,"T0000096",340,0.0147058823529412,"WK","MBT"
"241","complex",13,"T0000096",340,0.0382352941176471,"WK","MBT"
"242","upward ramp",1,"T0000096",340,0.00294117647058824,"WK","MBT"
"243","downward ramp",22,"T0000096",340,0.0647058823529412,"WK","MBT"
"244","step up",2,"T0000096",340,0.00588235294117647,"WK","MBT"
"245","step down",2,"T0000096",340,0.00588235294117647,"WK","MBT"
"246","multi-step",0,"T0000096",340,0,"WK","MBT"
"247","multi-step-s",0,"T0000096",340,0,"WK","MBT"
"248","trill",61,"T0000096",340,0.179411764705882,"WK","MBT"
"249","trill-c",8,"T0000096",340,0.0235294117647059,"WK","MBT"
"250","trill-f",2,"T0000096",340,0.00588235294117647,"WK","MBT"
"251","inverted-U",0,"T0000096",340,0,"WK","MBT"
"252","unclear",4,"T0000096",340,0.0117647058823529,"WK","MBT"
"253","flat",257,"T0000097",389,0.660668380462725,"WK","Fpupiso"
"254","flat-z",17,"T0000097",389,0.0437017994858612,"WK","Fpupiso"
"255","flat-mz",16,"T0000097",389,0.0411311053984576,"WK","Fpupiso"
"256","short",69,"T0000097",389,0.177377892030848,"WK","Fpupiso"
"257","short-su",0,"T0000097",389,0,"WK","Fpupiso"
"258","short-sd",0,"T0000097",389,0,"WK","Fpupiso"
"259","short-ur",4,"T0000097",389,0.0102827763496144,"WK","Fpupiso"
"260","short-dr",2,"T0000097",389,0.0051413881748072,"WK","Fpupiso"
"261","short-c",14,"T0000097",389,0.0359897172236504,"WK","Fpupiso"
"262","complex",5,"T0000097",389,0.012853470437018,"WK","Fpupiso"
"263","upward ramp",1,"T0000097",389,0.0025706940874036,"WK","Fpupiso"
"264","downward ramp",3,"T0000097",389,0.0077120822622108,"WK","Fpupiso"
"265","step up",0,"T0000097",389,0,"WK","Fpupiso"
"266","step down",0,"T0000097",389,0,"WK","Fpupiso"
"267","multi-step",0,"T0000097",389,0,"WK","Fpupiso"
"268","multi-step-s",0,"T0000097",389,0,"WK","Fpupiso"
"269","trill",0,"T0000097",389,0,"WK","Fpupiso"
"270","trill-c",0,"T0000097",389,0,"WK","Fpupiso"
"271","trill-f",0,"T0000097",389,0,"WK","Fpupiso"
"272","inverted-U",0,"T0000097",389,0,"WK","Fpupiso"
"273","unclear",1,"T0000097",389,0.0025706940874036,"WK","Fpupiso"
"274","flat",267,"T0000098",477,0.559748427672956,"WK","Mpupiso"
"275","flat-z",142,"T0000098",477,0.29769392033543,"WK","Mpupiso"
"276","flat-mz",41,"T0000098",477,0.0859538784067086,"WK","Mpupiso"
"277","short",21,"T0000098",477,0.0440251572327044,"WK","Mpupiso"
"278","short-su",0,"T0000098",477,0,"WK","Mpupiso"
"279","short-sd",0,"T0000098",477,0,"WK","Mpupiso"
"280","short-ur",0,"T0000098",477,0,"WK","Mpupiso"
"281","short-dr",1,"T0000098",477,0.00209643605870021,"WK","Mpupiso"
"282","short-c",0,"T0000098",477,0,"WK","Mpupiso"
"283","complex",4,"T0000098",477,0.00838574423480084,"WK","Mpupiso"
"284","upward ramp",1,"T0000098",477,0.00209643605870021,"WK","Mpupiso"
"285","downward ramp",0,"T0000098",477,0,"WK","Mpupiso"
"286","step up",0,"T0000098",477,0,"WK","Mpupiso"
"287","step down",0,"T0000098",477,0,"WK","Mpupiso"
"288","multi-step",0,"T0000098",477,0,"WK","Mpupiso"
"289","multi-step-s",0,"T0000098",477,0,"WK","Mpupiso"
"290","trill",0,"T0000098",477,0,"WK","Mpupiso"
"291","trill-c",0,"T0000098",477,0,"WK","Mpupiso"
"292","trill-f",0,"T0000098",477,0,"WK","Mpupiso"
"293","inverted-U",0,"T0000098",477,0,"WK","Mpupiso"
"294","unclear",0,"T0000098",477,0,"WK","Mpupiso"
"295","flat",307,"T0000100",426,0.720657276995305,"SD","MA"
"296","flat-z",42,"T0000100",426,0.0985915492957746,"SD","MA"
"297","flat-mz",14,"T0000100",426,0.0328638497652582,"SD","MA"
"298","short",38,"T0000100",426,0.0892018779342723,"SD","MA"
"299","short-su",0,"T0000100",426,0,"SD","MA"
"300","short-sd",0,"T0000100",426,0,"SD","MA"
"301","short-ur",12,"T0000100",426,0.028169014084507,"SD","MA"
"302","short-dr",0,"T0000100",426,0,"SD","MA"
"303","short-c",2,"T0000100",426,0.00469483568075117,"SD","MA"
"304","complex",2,"T0000100",426,0.00469483568075117,"SD","MA"
"305","upward ramp",2,"T0000100",426,0.00469483568075117,"SD","MA"
"306","downward ramp",2,"T0000100",426,0.00469483568075117,"SD","MA"
"307","step up",0,"T0000100",426,0,"SD","MA"
"308","step down",1,"T0000100",426,0.00234741784037559,"SD","MA"
"309","multi-step",0,"T0000100",426,0,"SD","MA"
"310","multi-step-s",0,"T0000100",426,0,"SD","MA"
"311","trill",0,"T0000100",426,0,"SD","MA"
"312","trill-c",0,"T0000100",426,0,"SD","MA"
"313","trill-f",0,"T0000100",426,0,"SD","MA"
"314","inverted-U",0,"T0000100",426,0,"SD","MA"
"315","unclear",4,"T0000100",426,0.00938967136150235,"SD","MA"
"316","flat",33,"T0000102",65,0.507692307692308,"SD","MA"
"317","flat-z",1,"T0000102",65,0.0153846153846154,"SD","MA"
"318","flat-mz",0,"T0000102",65,0,"SD","MA"
"319","short",21,"T0000102",65,0.323076923076923,"SD","MA"
"320","short-su",0,"T0000102",65,0,"SD","MA"
"321","short-sd",0,"T0000102",65,0,"SD","MA"
"322","short-ur",0,"T0000102",65,0,"SD","MA"
"323","short-dr",1,"T0000102",65,0.0153846153846154,"SD","MA"
"324","short-c",5,"T0000102",65,0.0769230769230769,"SD","MA"
"325","complex",1,"T0000102",65,0.0153846153846154,"SD","MA"
"326","upward ramp",0,"T0000102",65,0,"SD","MA"
"327","downward ramp",1,"T0000102",65,0.0153846153846154,"SD","MA"
"328","step up",1,"T0000102",65,0.0153846153846154,"SD","MA"
"329","step down",0,"T0000102",65,0,"SD","MA"
"330","multi-step",0,"T0000102",65,0,"SD","MA"
"331","multi-step-s",0,"T0000102",65,0,"SD","MA"
"332","trill",0,"T0000102",65,0,"SD","MA"
"333","trill-c",0,"T0000102",65,0,"SD","MA"
"334","trill-f",0,"T0000102",65,0,"SD","MA"
"335","inverted-U",0,"T0000102",65,0,"SD","MA"
"336","unclear",1,"T0000102",65,0.0153846153846154,"SD","MA"
"337","flat",0,"T0000103",15,0,"SD","MomAlone"
"338","flat-z",0,"T0000103",15,0,"SD","MomAlone"
"339","flat-mz",0,"T0000103",15,0,"SD","MomAlone"
"340","short",14,"T0000103",15,0.933333333333333,"SD","MomAlone"
"341","short-su",0,"T0000103",15,0,"SD","MomAlone"
"342","short-sd",0,"T0000103",15,0,"SD","MomAlone"
"343","short-ur",1,"T0000103",15,0.0666666666666667,"SD","MomAlone"
"344","short-dr",0,"T0000103",15,0,"SD","MomAlone"
"345","short-c",0,"T0000103",15,0,"SD","MomAlone"
"346","complex",0,"T0000103",15,0,"SD","MomAlone"
"347","upward ramp",0,"T0000103",15,0,"SD","MomAlone"
"348","downward ramp",0,"T0000103",15,0,"SD","MomAlone"
"349","step up",0,"T0000103",15,0,"SD","MomAlone"
"350","step down",0,"T0000103",15,0,"SD","MomAlone"
"351","multi-step",0,"T0000103",15,0,"SD","MomAlone"
"352","multi-step-s",0,"T0000103",15,0,"SD","MomAlone"
"353","trill",0,"T0000103",15,0,"SD","MomAlone"
"354","trill-c",0,"T0000103",15,0,"SD","MomAlone"
"355","trill-f",0,"T0000103",15,0,"SD","MomAlone"
"356","inverted-U",0,"T0000103",15,0,"SD","MomAlone"
"357","unclear",0,"T0000103",15,0,"SD","MomAlone"
"358","flat",5,"T0000104",23,0.217391304347826,"SD","PupsSep"
"359","flat-z",0,"T0000104",23,0,"SD","PupsSep"
"360","flat-mz",0,"T0000104",23,0,"SD","PupsSep"
"361","short",14,"T0000104",23,0.608695652173913,"SD","PupsSep"
"362","short-su",0,"T0000104",23,0,"SD","PupsSep"
"363","short-sd",0,"T0000104",23,0,"SD","PupsSep"
"364","short-ur",1,"T0000104",23,0.0434782608695652,"SD","PupsSep"
"365","short-dr",0,"T0000104",23,0,"SD","PupsSep"
"366","short-c",1,"T0000104",23,0.0434782608695652,"SD","PupsSep"
"367","complex",0,"T0000104",23,0,"SD","PupsSep"
"368","upward ramp",0,"T0000104",23,0,"SD","PupsSep"
"369","downward ramp",0,"T0000104",23,0,"SD","PupsSep"
"370","step up",0,"T0000104",23,0,"SD","PupsSep"
"371","step down",0,"T0000104",23,0,"SD","PupsSep"
"372","multi-step",0,"T0000104",23,0,"SD","PupsSep"
"373","multi-step-s",0,"T0000104",23,0,"SD","PupsSep"
"374","trill",0,"T0000104",23,0,"SD","PupsSep"
"375","trill-c",0,"T0000104",23,0,"SD","PupsSep"
"376","trill-f",0,"T0000104",23,0,"SD","PupsSep"
"377","inverted-U",1,"T0000104",23,0.0434782608695652,"SD","PupsSep"
"378","unclear",1,"T0000104",23,0.0434782608695652,"SD","PupsSep"
"379","flat",953,"T0000105",1490,0.639597315436242,"SD","MBT"
"380","flat-z",71,"T0000105",1490,0.0476510067114094,"SD","MBT"
"381","flat-mz",83,"T0000105",1490,0.0557046979865772,"SD","MBT"
"382","short",181,"T0000105",1490,0.121476510067114,"SD","MBT"
"383","short-su",0,"T0000105",1490,0,"SD","MBT"
"384","short-sd",0,"T0000105",1490,0,"SD","MBT"
"385","short-ur",5,"T0000105",1490,0.00335570469798658,"SD","MBT"
"386","short-dr",3,"T0000105",1490,0.00201342281879195,"SD","MBT"
"387","short-c",11,"T0000105",1490,0.00738255033557047,"SD","MBT"
"388","complex",75,"T0000105",1490,0.0503355704697987,"SD","MBT"
"389","upward ramp",23,"T0000105",1490,0.0154362416107383,"SD","MBT"
"390","downward ramp",11,"T0000105",1490,0.00738255033557047,"SD","MBT"
"391","step up",13,"T0000105",1490,0.0087248322147651,"SD","MBT"
"392","step down",30,"T0000105",1490,0.0201342281879195,"SD","MBT"
"393","multi-step",13,"T0000105",1490,0.0087248322147651,"SD","MBT"
"394","multi-step-s",1,"T0000105",1490,0.000671140939597315,"SD","MBT"
"395","trill",6,"T0000105",1490,0.00402684563758389,"SD","MBT"
"396","trill-c",1,"T0000105",1490,0.000671140939597315,"SD","MBT"
"397","trill-f",5,"T0000105",1490,0.00335570469798658,"SD","MBT"
"398","inverted-U",0,"T0000105",1490,0,"SD","MBT"
"399","unclear",5,"T0000105",1490,0.00335570469798658,"SD","MBT"
"400","flat",21,"T0000106",26,0.807692307692308,"SD","Mpupiso"
"401","flat-z",0,"T0000106",26,0,"SD","Mpupiso"
"402","flat-mz",0,"T0000106",26,0,"SD","Mpupiso"
"403","short",2,"T0000106",26,0.0769230769230769,"SD","Mpupiso"
"404","short-su",1,"T0000106",26,0.0384615384615385,"SD","Mpupiso"
"405","short-sd",0,"T0000106",26,0,"SD","Mpupiso"
"406","short-ur",0,"T0000106",26,0,"SD","Mpupiso"
"407","short-dr",1,"T0000106",26,0.0384615384615385,"SD","Mpupiso"
"408","short-c",1,"T0000106",26,0.0384615384615385,"SD","Mpupiso"
"409","complex",0,"T0000106",26,0,"SD","Mpupiso"
"410","upward ramp",0,"T0000106",26,0,"SD","Mpupiso"
"411","downward ramp",0,"T0000106",26,0,"SD","Mpupiso"
"412","step up",0,"T0000106",26,0,"SD","Mpupiso"
"413","step down",0,"T0000106",26,0,"SD","Mpupiso"
"414","multi-step",0,"T0000106",26,0,"SD","Mpupiso"
"415","multi-step-s",0,"T0000106",26,0,"SD","Mpupiso"
"416","trill",0,"T0000106",26,0,"SD","Mpupiso"
"417","trill-c",0,"T0000106",26,0,"SD","Mpupiso"
"418","trill-f",0,"T0000106",26,0,"SD","Mpupiso"
"419","inverted-U",0,"T0000106",26,0,"SD","Mpupiso"
"420","unclear",0,"T0000106",26,0,"SD","Mpupiso"
"421","flat",151,"T0000107",176,0.857954545454545,"SD","Fpupiso"
"422","flat-z",5,"T0000107",176,0.0284090909090909,"SD","Fpupiso"
"423","flat-mz",0,"T0000107",176,0,"SD","Fpupiso"
"424","short",17,"T0000107",176,0.0965909090909091,"SD","Fpupiso"
"425","short-su",0,"T0000107",176,0,"SD","Fpupiso"
"426","short-sd",0,"T0000107",176,0,"SD","Fpupiso"
"427","short-ur",0,"T0000107",176,0,"SD","Fpupiso"
"428","short-dr",0,"T0000107",176,0,"SD","Fpupiso"
"429","short-c",1,"T0000107",176,0.00568181818181818,"SD","Fpupiso"
"430","complex",0,"T0000107",176,0,"SD","Fpupiso"
"431","upward ramp",1,"T0000107",176,0.00568181818181818,"SD","Fpupiso"
"432","downward ramp",0,"T0000107",176,0,"SD","Fpupiso"
"433","step up",0,"T0000107",176,0,"SD","Fpupiso"
"434","step down",1,"T0000107",176,0.00568181818181818,"SD","Fpupiso"
"435","multi-step",0,"T0000107",176,0,"SD","Fpupiso"
"436","multi-step-s",0,"T0000107",176,0,"SD","Fpupiso"
"437","trill",0,"T0000107",176,0,"SD","Fpupiso"
"438","trill-c",0,"T0000107",176,0,"SD","Fpupiso"
"439","trill-f",0,"T0000107",176,0,"SD","Fpupiso"
"440","inverted-U",0,"T0000107",176,0,"SD","Fpupiso"
"441","unclear",0,"T0000107",176,0,"SD","Fpupiso"
"442","flat",98,"T0000109",301,0.325581395348837,"SD","MA"
"443","flat-z",4,"T0000109",301,0.0132890365448505,"SD","MA"
"444","flat-mz",0,"T0000109",301,0,"SD","MA"
"445","short",136,"T0000109",301,0.451827242524917,"SD","MA"
"446","short-su",1,"T0000109",301,0.00332225913621262,"SD","MA"
"447","short-sd",1,"T0000109",301,0.00332225913621262,"SD","MA"
"448","short-ur",11,"T0000109",301,0.0365448504983389,"SD","MA"
"449","short-dr",1,"T0000109",301,0.00332225913621262,"SD","MA"
"450","short-c",9,"T0000109",301,0.0299003322259136,"SD","MA"
"451","complex",14,"T0000109",301,0.0465116279069767,"SD","MA"
"452","upward ramp",3,"T0000109",301,0.00996677740863787,"SD","MA"
"453","downward ramp",1,"T0000109",301,0.00332225913621262,"SD","MA"
"454","step up",5,"T0000109",301,0.0166112956810631,"SD","MA"
"455","step down",2,"T0000109",301,0.00664451827242525,"SD","MA"
"456","multi-step",1,"T0000109",301,0.00332225913621262,"SD","MA"
"457","multi-step-s",0,"T0000109",301,0,"SD","MA"
"458","trill",0,"T0000109",301,0,"SD","MA"
"459","trill-c",0,"T0000109",301,0,"SD","MA"
"460","trill-f",0,"T0000109",301,0,"SD","MA"
"461","inverted-U",0,"T0000109",301,0,"SD","MA"
"462","unclear",14,"T0000109",301,0.0465116279069767,"SD","MA"
"463","flat",490,"T0000111",662,0.740181268882175,"SD","MA"
"464","flat-z",10,"T0000111",662,0.0151057401812689,"SD","MA"
"465","flat-mz",2,"T0000111",662,0.00302114803625378,"SD","MA"
"466","short",75,"T0000111",662,0.113293051359517,"SD","MA"
"467","short-su",0,"T0000111",662,0,"SD","MA"
"468","short-sd",0,"T0000111",662,0,"SD","MA"
"469","short-ur",2,"T0000111",662,0.00302114803625378,"SD","MA"
"470","short-dr",1,"T0000111",662,0.00151057401812689,"SD","MA"
"471","short-c",2,"T0000111",662,0.00302114803625378,"SD","MA"
"472","complex",12,"T0000111",662,0.0181268882175227,"SD","MA"
"473","upward ramp",0,"T0000111",662,0,"SD","MA"
"474","downward ramp",0,"T0000111",662,0,"SD","MA"
"475","step up",15,"T0000111",662,0.0226586102719033,"SD","MA"
"476","step down",32,"T0000111",662,0.0483383685800604,"SD","MA"
"477","multi-step",13,"T0000111",662,0.0196374622356495,"SD","MA"
"478","multi-step-s",0,"T0000111",662,0,"SD","MA"
"479","trill",1,"T0000111",662,0.00151057401812689,"SD","MA"
"480","trill-c",0,"T0000111",662,0,"SD","MA"
"481","trill-f",0,"T0000111",662,0,"SD","MA"
"482","inverted-U",0,"T0000111",662,0,"SD","MA"
"483","unclear",7,"T0000111",662,0.0105740181268882,"SD","MA"
"484","flat",50,"T0000123",158,0.316455696202532,"WK","PupsSep"
"485","flat-z",0,"T0000123",158,0,"WK","PupsSep"
"486","flat-mz",0,"T0000123",158,0,"WK","PupsSep"
"487","short",22,"T0000123",158,0.139240506329114,"WK","PupsSep"
"488","short-su",0,"T0000123",158,0,"WK","PupsSep"
"489","short-sd",1,"T0000123",158,0.00632911392405063,"WK","PupsSep"
"490","short-ur",1,"T0000123",158,0.00632911392405063,"WK","PupsSep"
"491","short-dr",0,"T0000123",158,0,"WK","PupsSep"
"492","short-c",1,"T0000123",158,0.00632911392405063,"WK","PupsSep"
"493","complex",1,"T0000123",158,0.00632911392405063,"WK","PupsSep"
"494","upward ramp",3,"T0000123",158,0.0189873417721519,"WK","PupsSep"
"495","downward ramp",1,"T0000123",158,0.00632911392405063,"WK","PupsSep"
"496","step up",9,"T0000123",158,0.0569620253164557,"WK","PupsSep"
"497","step down",2,"T0000123",158,0.0126582278481013,"WK","PupsSep"
"498","multi-step",2,"T0000123",158,0.0126582278481013,"WK","PupsSep"
"499","multi-step-s",0,"T0000123",158,0,"WK","PupsSep"
"500","trill",6,"T0000123",158,0.0379746835443038,"WK","PupsSep"
"501","trill-c",44,"T0000123",158,0.278481012658228,"WK","PupsSep"
"502","trill-f",4,"T0000123",158,0.0253164556962025,"WK","PupsSep"
"503","inverted-U",0,"T0000123",158,0,"WK","PupsSep"
"504","unclear",11,"T0000123",158,0.069620253164557,"WK","PupsSep"
"505","flat",211,"T0000124",668,0.315868263473054,"WK","MBT"
"506","flat-z",33,"T0000124",668,0.0494011976047904,"WK","MBT"
"507","flat-mz",5,"T0000124",668,0.00748502994011976,"WK","MBT"
"508","short",151,"T0000124",668,0.226047904191617,"WK","MBT"
"509","short-su",1,"T0000124",668,0.00149700598802395,"WK","MBT"
"510","short-sd",2,"T0000124",668,0.0029940119760479,"WK","MBT"
"511","short-ur",6,"T0000124",668,0.00898203592814371,"WK","MBT"
"512","short-dr",7,"T0000124",668,0.0104790419161677,"WK","MBT"
"513","short-c",49,"T0000124",668,0.0733532934131736,"WK","MBT"
"514","complex",93,"T0000124",668,0.139221556886228,"WK","MBT"
"515","upward ramp",3,"T0000124",668,0.00449101796407186,"WK","MBT"
"516","downward ramp",9,"T0000124",668,0.0134730538922156,"WK","MBT"
"517","step up",18,"T0000124",668,0.0269461077844311,"WK","MBT"
"518","step down",14,"T0000124",668,0.0209580838323353,"WK","MBT"
"519","multi-step",1,"T0000124",668,0.00149700598802395,"WK","MBT"
"520","multi-step-s",1,"T0000124",668,0.00149700598802395,"WK","MBT"
"521","trill",45,"T0000124",668,0.0673652694610778,"WK","MBT"
"522","trill-c",12,"T0000124",668,0.0179640718562874,"WK","MBT"
"523","trill-f",4,"T0000124",668,0.00598802395209581,"WK","MBT"
"524","inverted-U",0,"T0000124",668,0,"WK","MBT"
"525","unclear",3,"T0000124",668,0.00449101796407186,"WK","MBT"
"526","flat",111,"T0000125",139,0.798561151079137,"WK","Mpupiso"
"527","flat-z",2,"T0000125",139,0.0143884892086331,"WK","Mpupiso"
"528","flat-mz",0,"T0000125",139,0,"WK","Mpupiso"
"529","short",16,"T0000125",139,0.115107913669065,"WK","Mpupiso"
"530","short-su",0,"T0000125",139,0,"WK","Mpupiso"
"531","short-sd",1,"T0000125",139,0.00719424460431655,"WK","Mpupiso"
"532","short-ur",1,"T0000125",139,0.00719424460431655,"WK","Mpupiso"
"533","short-dr",0,"T0000125",139,0,"WK","Mpupiso"
"534","short-c",2,"T0000125",139,0.0143884892086331,"WK","Mpupiso"
"535","complex",1,"T0000125",139,0.00719424460431655,"WK","Mpupiso"
"536","upward ramp",0,"T0000125",139,0,"WK","Mpupiso"
"537","downward ramp",0,"T0000125",139,0,"WK","Mpupiso"
"538","step up",5,"T0000125",139,0.0359712230215827,"WK","Mpupiso"
"539","step down",0,"T0000125",139,0,"WK","Mpupiso"
"540","multi-step",0,"T0000125",139,0,"WK","Mpupiso"
"541","multi-step-s",0,"T0000125",139,0,"WK","Mpupiso"
"542","trill",0,"T0000125",139,0,"WK","Mpupiso"
"543","trill-c",0,"T0000125",139,0,"WK","Mpupiso"
"544","trill-f",0,"T0000125",139,0,"WK","Mpupiso"
"545","inverted-U",0,"T0000125",139,0,"WK","Mpupiso"
"546","unclear",0,"T0000125",139,0,"WK","Mpupiso"
"547","flat",103,"T0000126",259,0.397683397683398,"WK","Fpupiso"
"548","flat-z",11,"T0000126",259,0.0424710424710425,"WK","Fpupiso"
"549","flat-mz",3,"T0000126",259,0.0115830115830116,"WK","Fpupiso"
"550","short",73,"T0000126",259,0.281853281853282,"WK","Fpupiso"
"551","short-su",0,"T0000126",259,0,"WK","Fpupiso"
"552","short-sd",0,"T0000126",259,0,"WK","Fpupiso"
"553","short-ur",7,"T0000126",259,0.027027027027027,"WK","Fpupiso"
"554","short-dr",4,"T0000126",259,0.0154440154440154,"WK","Fpupiso"
"555","short-c",45,"T0000126",259,0.173745173745174,"WK","Fpupiso"
"556","complex",3,"T0000126",259,0.0115830115830116,"WK","Fpupiso"
"557","upward ramp",0,"T0000126",259,0,"WK","Fpupiso"
"558","downward ramp",3,"T0000126",259,0.0115830115830116,"WK","Fpupiso"
"559","step up",5,"T0000126",259,0.0193050193050193,"WK","Fpupiso"
"560","step down",0,"T0000126",259,0,"WK","Fpupiso"
"561","multi-step",0,"T0000126",259,0,"WK","Fpupiso"
"562","multi-step-s",0,"T0000126",259,0,"WK","Fpupiso"
"563","trill",0,"T0000126",259,0,"WK","Fpupiso"
"564","trill-c",0,"T0000126",259,0,"WK","Fpupiso"
"565","trill-f",0,"T0000126",259,0,"WK","Fpupiso"
"566","inverted-U",0,"T0000126",259,0,"WK","Fpupiso"
"567","unclear",2,"T0000126",259,0.00772200772200772,"WK","Fpupiso"
"568","flat",10,"T0000138",139,0.0719424460431655,"SD","MA"
"569","flat-z",0,"T0000138",139,0,"SD","MA"
"570","flat-mz",0,"T0000138",139,0,"SD","MA"
"571","short",57,"T0000138",139,0.410071942446043,"SD","MA"
"572","short-su",0,"T0000138",139,0,"SD","MA"
"573","short-sd",0,"T0000138",139,0,"SD","MA"
"574","short-ur",0,"T0000138",139,0,"SD","MA"
"575","short-dr",0,"T0000138",139,0,"SD","MA"
"576","short-c",57,"T0000138",139,0.410071942446043,"SD","MA"
"577","complex",6,"T0000138",139,0.0431654676258993,"SD","MA"
"578","upward ramp",0,"T0000138",139,0,"SD","MA"
"579","downward ramp",0,"T0000138",139,0,"SD","MA"
"580","step up",5,"T0000138",139,0.0359712230215827,"SD","MA"
"581","step down",1,"T0000138",139,0.00719424460431655,"SD","MA"
"582","multi-step",3,"T0000138",139,0.0215827338129496,"SD","MA"
"583","multi-step-s",0,"T0000138",139,0,"SD","MA"
"584","trill",0,"T0000138",139,0,"SD","MA"
"585","trill-c",0,"T0000138",139,0,"SD","MA"
"586","trill-f",0,"T0000138",139,0,"SD","MA"
"587","inverted-U",0,"T0000138",139,0,"SD","MA"
"588","unclear",0,"T0000138",139,0,"SD","MA"
"589","flat",1,"T0000140",5,0.2,"SD","PupsSep"
"590","flat-z",0,"T0000140",5,0,"SD","PupsSep"
"591","flat-mz",0,"T0000140",5,0,"SD","PupsSep"
"592","short",4,"T0000140",5,0.8,"SD","PupsSep"
"593","short-su",0,"T0000140",5,0,"SD","PupsSep"
"594","short-sd",0,"T0000140",5,0,"SD","PupsSep"
"595","short-ur",0,"T0000140",5,0,"SD","PupsSep"
"596","short-dr",0,"T0000140",5,0,"SD","PupsSep"
"597","short-c",0,"T0000140",5,0,"SD","PupsSep"
"598","complex",0,"T0000140",5,0,"SD","PupsSep"
"599","upward ramp",0,"T0000140",5,0,"SD","PupsSep"
"600","downward ramp",0,"T0000140",5,0,"SD","PupsSep"
"601","step up",0,"T0000140",5,0,"SD","PupsSep"
"602","step down",0,"T0000140",5,0,"SD","PupsSep"
"603","multi-step",0,"T0000140",5,0,"SD","PupsSep"
"604","multi-step-s",0,"T0000140",5,0,"SD","PupsSep"
"605","trill",0,"T0000140",5,0,"SD","PupsSep"
"606","trill-c",0,"T0000140",5,0,"SD","PupsSep"
"607","trill-f",0,"T0000140",5,0,"SD","PupsSep"
"608","inverted-U",0,"T0000140",5,0,"SD","PupsSep"
"609","unclear",0,"T0000140",5,0,"SD","PupsSep"
"610","flat",375,"T0000141",626,0.599041533546326,"SD","MBT"
"611","flat-z",71,"T0000141",626,0.113418530351438,"SD","MBT"
"612","flat-mz",95,"T0000141",626,0.151757188498403,"SD","MBT"
"613","short",35,"T0000141",626,0.0559105431309904,"SD","MBT"
"614","short-su",0,"T0000141",626,0,"SD","MBT"
"615","short-sd",0,"T0000141",626,0,"SD","MBT"
"616","short-ur",4,"T0000141",626,0.00638977635782748,"SD","MBT"
"617","short-dr",1,"T0000141",626,0.00159744408945687,"SD","MBT"
"618","short-c",2,"T0000141",626,0.00319488817891374,"SD","MBT"
"619","complex",13,"T0000141",626,0.0207667731629393,"SD","MBT"
"620","upward ramp",15,"T0000141",626,0.023961661341853,"SD","MBT"
"621","downward ramp",6,"T0000141",626,0.00958466453674121,"SD","MBT"
"622","step up",3,"T0000141",626,0.00479233226837061,"SD","MBT"
"623","step down",5,"T0000141",626,0.00798722044728434,"SD","MBT"
"624","multi-step",0,"T0000141",626,0,"SD","MBT"
"625","multi-step-s",0,"T0000141",626,0,"SD","MBT"
"626","trill",0,"T0000141",626,0,"SD","MBT"
"627","trill-c",0,"T0000141",626,0,"SD","MBT"
"628","trill-f",1,"T0000141",626,0.00159744408945687,"SD","MBT"
"629","inverted-U",0,"T0000141",626,0,"SD","MBT"
"630","unclear",0,"T0000141",626,0,"SD","MBT"
"631","flat",4,"T0000142",7,0.571428571428571,"SD","Fpupiso"
"632","flat-z",0,"T0000142",7,0,"SD","Fpupiso"
"633","flat-mz",0,"T0000142",7,0,"SD","Fpupiso"
"634","short",3,"T0000142",7,0.428571428571429,"SD","Fpupiso"
"635","short-su",0,"T0000142",7,0,"SD","Fpupiso"
"636","short-sd",0,"T0000142",7,0,"SD","Fpupiso"
"637","short-ur",0,"T0000142",7,0,"SD","Fpupiso"
"638","short-dr",0,"T0000142",7,0,"SD","Fpupiso"
"639","short-c",0,"T0000142",7,0,"SD","Fpupiso"
"640","complex",0,"T0000142",7,0,"SD","Fpupiso"
"641","upward ramp",0,"T0000142",7,0,"SD","Fpupiso"
"642","downward ramp",0,"T0000142",7,0,"SD","Fpupiso"
"643","step up",0,"T0000142",7,0,"SD","Fpupiso"
"644","step down",0,"T0000142",7,0,"SD","Fpupiso"
"645","multi-step",0,"T0000142",7,0,"SD","Fpupiso"
"646","multi-step-s",0,"T0000142",7,0,"SD","Fpupiso"
"647","trill",0,"T0000142",7,0,"SD","Fpupiso"
"648","trill-c",0,"T0000142",7,0,"SD","Fpupiso"
"649","trill-f",0,"T0000142",7,0,"SD","Fpupiso"
"650","inverted-U",0,"T0000142",7,0,"SD","Fpupiso"
"651","unclear",0,"T0000142",7,0,"SD","Fpupiso"
"652","flat",2,"T0000143",3,0.666666666666667,"SD","Mpupiso"
"653","flat-z",0,"T0000143",3,0,"SD","Mpupiso"
"654","flat-mz",0,"T0000143",3,0,"SD","Mpupiso"
"655","short",1,"T0000143",3,0.333333333333333,"SD","Mpupiso"
"656","short-su",0,"T0000143",3,0,"SD","Mpupiso"
"657","short-sd",0,"T0000143",3,0,"SD","Mpupiso"
"658","short-ur",0,"T0000143",3,0,"SD","Mpupiso"
"659","short-dr",0,"T0000143",3,0,"SD","Mpupiso"
"660","short-c",0,"T0000143",3,0,"SD","Mpupiso"
"661","complex",0,"T0000143",3,0,"SD","Mpupiso"
"662","upward ramp",0,"T0000143",3,0,"SD","Mpupiso"
"663","downward ramp",0,"T0000143",3,0,"SD","Mpupiso"
"664","step up",0,"T0000143",3,0,"SD","Mpupiso"
"665","step down",0,"T0000143",3,0,"SD","Mpupiso"
"666","multi-step",0,"T0000143",3,0,"SD","Mpupiso"
"667","multi-step-s",0,"T0000143",3,0,"SD","Mpupiso"
"668","trill",0,"T0000143",3,0,"SD","Mpupiso"
"669","trill-c",0,"T0000143",3,0,"SD","Mpupiso"
"670","trill-f",0,"T0000143",3,0,"SD","Mpupiso"
"671","inverted-U",0,"T0000143",3,0,"SD","Mpupiso"
"672","unclear",0,"T0000143",3,0,"SD","Mpupiso"
"673","flat",119,"T0000145",166,0.716867469879518,"SD","MA"
"674","flat-z",0,"T0000145",166,0,"SD","MA"
"675","flat-mz",2,"T0000145",166,0.0120481927710843,"SD","MA"
"676","short",25,"T0000145",166,0.150602409638554,"SD","MA"
"677","short-su",1,"T0000145",166,0.00602409638554217,"SD","MA"
"678","short-sd",1,"T0000145",166,0.00602409638554217,"SD","MA"
"679","short-ur",1,"T0000145",166,0.00602409638554217,"SD","MA"
"680","short-dr",1,"T0000145",166,0.00602409638554217,"SD","MA"
"681","short-c",7,"T0000145",166,0.0421686746987952,"SD","MA"
"682","complex",4,"T0000145",166,0.0240963855421687,"SD","MA"
"683","upward ramp",4,"T0000145",166,0.0240963855421687,"SD","MA"
"684","downward ramp",0,"T0000145",166,0,"SD","MA"
"685","step up",0,"T0000145",166,0,"SD","MA"
"686","step down",1,"T0000145",166,0.00602409638554217,"SD","MA"
"687","multi-step",0,"T0000145",166,0,"SD","MA"
"688","multi-step-s",0,"T0000145",166,0,"SD","MA"
"689","trill",0,"T0000145",166,0,"SD","MA"
"690","trill-c",0,"T0000145",166,0,"SD","MA"
"691","trill-f",0,"T0000145",166,0,"SD","MA"
"692","inverted-U",0,"T0000145",166,0,"SD","MA"
"693","unclear",0,"T0000145",166,0,"SD","MA"
"694","flat",56,"T0000149",130,0.430769230769231,"SD","Fpupiso"
"695","flat-z",33,"T0000149",130,0.253846153846154,"SD","Fpupiso"
"696","flat-mz",21,"T0000149",130,0.161538461538462,"SD","Fpupiso"
"697","short",11,"T0000149",130,0.0846153846153846,"SD","Fpupiso"
"698","short-su",0,"T0000149",130,0,"SD","Fpupiso"
"699","short-sd",0,"T0000149",130,0,"SD","Fpupiso"
"700","short-ur",6,"T0000149",130,0.0461538461538462,"SD","Fpupiso"
"701","short-dr",0,"T0000149",130,0,"SD","Fpupiso"
"702","short-c",0,"T0000149",130,0,"SD","Fpupiso"
"703","complex",2,"T0000149",130,0.0153846153846154,"SD","Fpupiso"
"704","upward ramp",0,"T0000149",130,0,"SD","Fpupiso"
"705","downward ramp",0,"T0000149",130,0,"SD","Fpupiso"
"706","step up",0,"T0000149",130,0,"SD","Fpupiso"
"707","step down",1,"T0000149",130,0.00769230769230769,"SD","Fpupiso"
"708","multi-step",0,"T0000149",130,0,"SD","Fpupiso"
"709","multi-step-s",0,"T0000149",130,0,"SD","Fpupiso"
"710","trill",0,"T0000149",130,0,"SD","Fpupiso"
"711","trill-c",0,"T0000149",130,0,"SD","Fpupiso"
"712","trill-f",0,"T0000149",130,0,"SD","Fpupiso"
"713","inverted-U",0,"T0000149",130,0,"SD","Fpupiso"
"714","unclear",0,"T0000149",130,0,"SD","Fpupiso"
"715","flat",20,"T0000151",58,0.344827586206897,"SD","Mpupiso"
"716","flat-z",9,"T0000151",58,0.155172413793103,"SD","Mpupiso"
"717","flat-mz",3,"T0000151",58,0.0517241379310345,"SD","Mpupiso"
"718","short",21,"T0000151",58,0.362068965517241,"SD","Mpupiso"
"719","short-su",0,"T0000151",58,0,"SD","Mpupiso"
"720","short-sd",0,"T0000151",58,0,"SD","Mpupiso"
"721","short-ur",2,"T0000151",58,0.0344827586206897,"SD","Mpupiso"
"722","short-dr",0,"T0000151",58,0,"SD","Mpupiso"
"723","short-c",1,"T0000151",58,0.0172413793103448,"SD","Mpupiso"
"724","complex",1,"T0000151",58,0.0172413793103448,"SD","Mpupiso"
"725","upward ramp",1,"T0000151",58,0.0172413793103448,"SD","Mpupiso"
"726","downward ramp",0,"T0000151",58,0,"SD","Mpupiso"
"727","step up",0,"T0000151",58,0,"SD","Mpupiso"
"728","step down",0,"T0000151",58,0,"SD","Mpupiso"
"729","multi-step",0,"T0000151",58,0,"SD","Mpupiso"
"730","multi-step-s",0,"T0000151",58,0,"SD","Mpupiso"
"731","trill",0,"T0000151",58,0,"SD","Mpupiso"
"732","trill-c",0,"T0000151",58,0,"SD","Mpupiso"
"733","trill-f",0,"T0000151",58,0,"SD","Mpupiso"
"734","inverted-U",0,"T0000151",58,0,"SD","Mpupiso"
"735","unclear",0,"T0000151",58,0,"SD","Mpupiso"
"736","flat",883,"T0000152",1419,0.622269203664553,"SD","MBT"
"737","flat-z",96,"T0000152",1419,0.0676532769556025,"SD","MBT"
"738","flat-mz",31,"T0000152",1419,0.02184637068358,"SD","MBT"
"739","short",211,"T0000152",1419,0.148696264975335,"SD","MBT"
"740","short-su",0,"T0000152",1419,0,"SD","MBT"
"741","short-sd",1,"T0000152",1419,0.000704721634954193,"SD","MBT"
"742","short-ur",30,"T0000152",1419,0.0211416490486258,"SD","MBT"
"743","short-dr",8,"T0000152",1419,0.00563777307963354,"SD","MBT"
"744","short-c",23,"T0000152",1419,0.0162085976039464,"SD","MBT"
"745","complex",30,"T0000152",1419,0.0211416490486258,"SD","MBT"
"746","upward ramp",20,"T0000152",1419,0.0140944326990839,"SD","MBT"
"747","downward ramp",15,"T0000152",1419,0.0105708245243129,"SD","MBT"
"748","step up",20,"T0000152",1419,0.0140944326990839,"SD","MBT"
"749","step down",41,"T0000152",1419,0.0288935870331219,"SD","MBT"
"750","multi-step",4,"T0000152",1419,0.00281888653981677,"SD","MBT"
"751","multi-step-s",1,"T0000152",1419,0.000704721634954193,"SD","MBT"
"752","trill",0,"T0000152",1419,0,"SD","MBT"
"753","trill-c",0,"T0000152",1419,0,"SD","MBT"
"754","trill-f",1,"T0000152",1419,0.000704721634954193,"SD","MBT"
"755","inverted-U",0,"T0000152",1419,0,"SD","MBT"
"756","unclear",4,"T0000152",1419,0.00281888653981677,"SD","MBT"
"757","flat",1,"T0000153",2,0.5,"SD","MomAlone"
"758","flat-z",0,"T0000153",2,0,"SD","MomAlone"
"759","flat-mz",0,"T0000153",2,0,"SD","MomAlone"
"760","short",0,"T0000153",2,0,"SD","MomAlone"
"761","short-su",0,"T0000153",2,0,"SD","MomAlone"
"762","short-sd",0,"T0000153",2,0,"SD","MomAlone"
"763","short-ur",0,"T0000153",2,0,"SD","MomAlone"
"764","short-dr",0,"T0000153",2,0,"SD","MomAlone"
"765","short-c",0,"T0000153",2,0,"SD","MomAlone"
"766","complex",0,"T0000153",2,0,"SD","MomAlone"
"767","upward ramp",0,"T0000153",2,0,"SD","MomAlone"
"768","downward ramp",0,"T0000153",2,0,"SD","MomAlone"
"769","step up",0,"T0000153",2,0,"SD","MomAlone"
"770","step down",0,"T0000153",2,0,"SD","MomAlone"
"771","multi-step",0,"T0000153",2,0,"SD","MomAlone"
"772","multi-step-s",0,"T0000153",2,0,"SD","MomAlone"
"773","trill",1,"T0000153",2,0.5,"SD","MomAlone"
"774","trill-c",0,"T0000153",2,0,"SD","MomAlone"
"775","trill-f",0,"T0000153",2,0,"SD","MomAlone"
"776","inverted-U",0,"T0000153",2,0,"SD","MomAlone"
"777","unclear",0,"T0000153",2,0,"SD","MomAlone"
"778","flat",2,"T0000154",8,0.25,"SD","PupsSep"
"779","flat-z",1,"T0000154",8,0.125,"SD","PupsSep"
"780","flat-mz",1,"T0000154",8,0.125,"SD","PupsSep"
"781","short",1,"T0000154",8,0.125,"SD","PupsSep"
"782","short-su",0,"T0000154",8,0,"SD","PupsSep"
"783","short-sd",0,"T0000154",8,0,"SD","PupsSep"
"784","short-ur",1,"T0000154",8,0.125,"SD","PupsSep"
"785","short-dr",0,"T0000154",8,0,"SD","PupsSep"
"786","short-c",0,"T0000154",8,0,"SD","PupsSep"
"787","complex",1,"T0000154",8,0.125,"SD","PupsSep"
"788","upward ramp",0,"T0000154",8,0,"SD","PupsSep"
"789","downward ramp",1,"T0000154",8,0.125,"SD","PupsSep"
"790","step up",0,"T0000154",8,0,"SD","PupsSep"
"791","step down",0,"T0000154",8,0,"SD","PupsSep"
"792","multi-step",0,"T0000154",8,0,"SD","PupsSep"
"793","multi-step-s",0,"T0000154",8,0,"SD","PupsSep"
"794","trill",0,"T0000154",8,0,"SD","PupsSep"
"795","trill-c",0,"T0000154",8,0,"SD","PupsSep"
"796","trill-f",0,"T0000154",8,0,"SD","PupsSep"
"797","inverted-U",0,"T0000154",8,0,"SD","PupsSep"
"798","unclear",0,"T0000154",8,0,"SD","PupsSep"
"799","flat",1675,"T0000155",2292,0.730802792321117,"SD","MBT"
"800","flat-z",193,"T0000155",2292,0.0842059336823735,"SD","MBT"
"801","flat-mz",139,"T0000155",2292,0.0606457242582897,"SD","MBT"
"802","short",156,"T0000155",2292,0.0680628272251309,"SD","MBT"
"803","short-su",0,"T0000155",2292,0,"SD","MBT"
"804","short-sd",3,"T0000155",2292,0.00130890052356021,"SD","MBT"
"805","short-ur",20,"T0000155",2292,0.0087260034904014,"SD","MBT"
"806","short-dr",2,"T0000155",2292,0.00087260034904014,"SD","MBT"
"807","short-c",9,"T0000155",2292,0.00392670157068063,"SD","MBT"
"808","complex",31,"T0000155",2292,0.0135253054101222,"SD","MBT"
"809","upward ramp",12,"T0000155",2292,0.00523560209424084,"SD","MBT"
"810","downward ramp",4,"T0000155",2292,0.00174520069808028,"SD","MBT"
"811","step up",13,"T0000155",2292,0.00567190226876091,"SD","MBT"
"812","step down",27,"T0000155",2292,0.0117801047120419,"SD","MBT"
"813","multi-step",3,"T0000155",2292,0.00130890052356021,"SD","MBT"
"814","multi-step-s",2,"T0000155",2292,0.00087260034904014,"SD","MBT"
"815","trill",1,"T0000155",2292,0.00043630017452007,"SD","MBT"
"816","trill-c",0,"T0000155",2292,0,"SD","MBT"
"817","trill-f",1,"T0000155",2292,0.00043630017452007,"SD","MBT"
"818","inverted-U",0,"T0000155",2292,0,"SD","MBT"
"819","unclear",1,"T0000155",2292,0.00043630017452007,"SD","MBT"
"820","flat",97,"T0000156",161,0.602484472049689,"SD","Mpupiso"
"821","flat-z",36,"T0000156",161,0.22360248447205,"SD","Mpupiso"
"822","flat-mz",22,"T0000156",161,0.136645962732919,"SD","Mpupiso"
"823","short",3,"T0000156",161,0.0186335403726708,"SD","Mpupiso"
"824","short-su",0,"T0000156",161,0,"SD","Mpupiso"
"825","short-sd",0,"T0000156",161,0,"SD","Mpupiso"
"826","short-ur",0,"T0000156",161,0,"SD","Mpupiso"
"827","short-dr",0,"T0000156",161,0,"SD","Mpupiso"
"828","short-c",0,"T0000156",161,0,"SD","Mpupiso"
"829","complex",0,"T0000156",161,0,"SD","Mpupiso"
"830","upward ramp",0,"T0000156",161,0,"SD","Mpupiso"
"831","downward ramp",2,"T0000156",161,0.0124223602484472,"SD","Mpupiso"
"832","step up",1,"T0000156",161,0.0062111801242236,"SD","Mpupiso"
"833","step down",0,"T0000156",161,0,"SD","Mpupiso"
"834","multi-step",0,"T0000156",161,0,"SD","Mpupiso"
"835","multi-step-s",0,"T0000156",161,0,"SD","Mpupiso"
"836","trill",0,"T0000156",161,0,"SD","Mpupiso"
"837","trill-c",0,"T0000156",161,0,"SD","Mpupiso"
"838","trill-f",0,"T0000156",161,0,"SD","Mpupiso"
"839","inverted-U",0,"T0000156",161,0,"SD","Mpupiso"
"840","unclear",0,"T0000156",161,0,"SD","Mpupiso"
"841","flat",14,"T0000157",33,0.424242424242424,"SD","Fpupiso"
"842","flat-z",1,"T0000157",33,0.0303030303030303,"SD","Fpupiso"
"843","flat-mz",2,"T0000157",33,0.0606060606060606,"SD","Fpupiso"
"844","short",9,"T0000157",33,0.272727272727273,"SD","Fpupiso"
"845","short-su",0,"T0000157",33,0,"SD","Fpupiso"
"846","short-sd",0,"T0000157",33,0,"SD","Fpupiso"
"847","short-ur",2,"T0000157",33,0.0606060606060606,"SD","Fpupiso"
"848","short-dr",4,"T0000157",33,0.121212121212121,"SD","Fpupiso"
"849","short-c",0,"T0000157",33,0,"SD","Fpupiso"
"850","complex",1,"T0000157",33,0.0303030303030303,"SD","Fpupiso"
"851","upward ramp",0,"T0000157",33,0,"SD","Fpupiso"
"852","downward ramp",0,"T0000157",33,0,"SD","Fpupiso"
"853","step up",0,"T0000157",33,0,"SD","Fpupiso"
"854","step down",0,"T0000157",33,0,"SD","Fpupiso"
"855","multi-step",0,"T0000157",33,0,"SD","Fpupiso"
"856","multi-step-s",0,"T0000157",33,0,"SD","Fpupiso"
"857","trill",0,"T0000157",33,0,"SD","Fpupiso"
"858","trill-c",0,"T0000157",33,0,"SD","Fpupiso"
"859","trill-f",0,"T0000157",33,0,"SD","Fpupiso"
"860","inverted-U",0,"T0000157",33,0,"SD","Fpupiso"
"861","unclear",0,"T0000157",33,0,"SD","Fpupiso"
"862","flat",400,"T0000159",630,0.634920634920635,"SD","MA"
"863","flat-z",35,"T0000159",630,0.0555555555555556,"SD","MA"
"864","flat-mz",20,"T0000159",630,0.0317460317460317,"SD","MA"
"865","short",128,"T0000159",630,0.203174603174603,"SD","MA"
"866","short-su",0,"T0000159",630,0,"SD","MA"
"867","short-sd",0,"T0000159",630,0,"SD","MA"
"868","short-ur",16,"T0000159",630,0.0253968253968254,"SD","MA"
"869","short-dr",0,"T0000159",630,0,"SD","MA"
"870","short-c",2,"T0000159",630,0.00317460317460317,"SD","MA"
"871","complex",5,"T0000159",630,0.00793650793650794,"SD","MA"
"872","upward ramp",7,"T0000159",630,0.0111111111111111,"SD","MA"
"873","downward ramp",0,"T0000159",630,0,"SD","MA"
"874","step up",6,"T0000159",630,0.00952380952380952,"SD","MA"
"875","step down",6,"T0000159",630,0.00952380952380952,"SD","MA"
"876","multi-step",2,"T0000159",630,0.00317460317460317,"SD","MA"
"877","multi-step-s",0,"T0000159",630,0,"SD","MA"
"878","trill",0,"T0000159",630,0,"SD","MA"
"879","trill-c",0,"T0000159",630,0,"SD","MA"
"880","trill-f",0,"T0000159",630,0,"SD","MA"
"881","inverted-U",0,"T0000159",630,0,"SD","MA"
"882","unclear",3,"T0000159",630,0.00476190476190476,"SD","MA"
"883","flat",484,"T0000161",653,0.741194486983155,"SD","MA"
"884","flat-z",24,"T0000161",653,0.0367534456355283,"SD","MA"
"885","flat-mz",21,"T0000161",653,0.0321592649310873,"SD","MA"
"886","short",55,"T0000161",653,0.0842266462480858,"SD","MA"
"887","short-su",0,"T0000161",653,0,"SD","MA"
"888","short-sd",1,"T0000161",653,0.00153139356814701,"SD","MA"
"889","short-ur",14,"T0000161",653,0.0214395099540582,"SD","MA"
"890","short-dr",7,"T0000161",653,0.0107197549770291,"SD","MA"
"891","short-c",6,"T0000161",653,0.00918836140888208,"SD","MA"
"892","complex",18,"T0000161",653,0.0275650842266462,"SD","MA"
"893","upward ramp",6,"T0000161",653,0.00918836140888208,"SD","MA"
"894","downward ramp",3,"T0000161",653,0.00459418070444104,"SD","MA"
"895","step up",5,"T0000161",653,0.00765696784073507,"SD","MA"
"896","step down",7,"T0000161",653,0.0107197549770291,"SD","MA"
"897","multi-step",2,"T0000161",653,0.00306278713629403,"SD","MA"
"898","multi-step-s",0,"T0000161",653,0,"SD","MA"
"899","trill",0,"T0000161",653,0,"SD","MA"
"900","trill-c",0,"T0000161",653,0,"SD","MA"
"901","trill-f",0,"T0000161",653,0,"SD","MA"
"902","inverted-U",0,"T0000161",653,0,"SD","MA"
"903","unclear",0,"T0000161",653,0,"SD","MA"
"904","flat",1,"T0000184",2,0.5,"WK","PupsSep"
"905","flat-z",0,"T0000184",2,0,"WK","PupsSep"
"906","flat-mz",0,"T0000184",2,0,"WK","PupsSep"
"907","short",1,"T0000184",2,0.5,"WK","PupsSep"
"908","short-su",0,"T0000184",2,0,"WK","PupsSep"
"909","short-sd",0,"T0000184",2,0,"WK","PupsSep"
"910","short-ur",0,"T0000184",2,0,"WK","PupsSep"
"911","short-dr",0,"T0000184",2,0,"WK","PupsSep"
"912","short-c",0,"T0000184",2,0,"WK","PupsSep"
"913","complex",0,"T0000184",2,0,"WK","PupsSep"
"914","upward ramp",0,"T0000184",2,0,"WK","PupsSep"
"915","downward ramp",0,"T0000184",2,0,"WK","PupsSep"
"916","step up",0,"T0000184",2,0,"WK","PupsSep"
"917","step down",0,"T0000184",2,0,"WK","PupsSep"
"918","multi-step",0,"T0000184",2,0,"WK","PupsSep"
"919","multi-step-s",0,"T0000184",2,0,"WK","PupsSep"
"920","trill",0,"T0000184",2,0,"WK","PupsSep"
"921","trill-c",0,"T0000184",2,0,"WK","PupsSep"
"922","trill-f",0,"T0000184",2,0,"WK","PupsSep"
"923","inverted-U",0,"T0000184",2,0,"WK","PupsSep"
"924","unclear",0,"T0000184",2,0,"WK","PupsSep"
"925","flat",131,"T0000185",348,0.376436781609195,"WK","MBT"
"926","flat-z",39,"T0000185",348,0.112068965517241,"WK","MBT"
"927","flat-mz",6,"T0000185",348,0.0172413793103448,"WK","MBT"
"928","short",41,"T0000185",348,0.117816091954023,"WK","MBT"
"929","short-su",0,"T0000185",348,0,"WK","MBT"
"930","short-sd",0,"T0000185",348,0,"WK","MBT"
"931","short-ur",3,"T0000185",348,0.00862068965517241,"WK","MBT"
"932","short-dr",1,"T0000185",348,0.0028735632183908,"WK","MBT"
"933","short-c",12,"T0000185",348,0.0344827586206897,"WK","MBT"
"934","complex",10,"T0000185",348,0.028735632183908,"WK","MBT"
"935","upward ramp",4,"T0000185",348,0.0114942528735632,"WK","MBT"
"936","downward ramp",1,"T0000185",348,0.0028735632183908,"WK","MBT"
"937","step up",1,"T0000185",348,0.0028735632183908,"WK","MBT"
"938","step down",2,"T0000185",348,0.00574712643678161,"WK","MBT"
"939","multi-step",0,"T0000185",348,0,"WK","MBT"
"940","multi-step-s",0,"T0000185",348,0,"WK","MBT"
"941","trill",69,"T0000185",348,0.198275862068966,"WK","MBT"
"942","trill-c",21,"T0000185",348,0.0603448275862069,"WK","MBT"
"943","trill-f",4,"T0000185",348,0.0114942528735632,"WK","MBT"
"944","inverted-U",0,"T0000185",348,0,"WK","MBT"
"945","unclear",3,"T0000185",348,0.00862068965517241,"WK","MBT"
"946","flat",1,"T0000186",1,1,"WK","Mpupiso"
"947","flat-z",0,"T0000186",1,0,"WK","Mpupiso"
"948","flat-mz",0,"T0000186",1,0,"WK","Mpupiso"
"949","short",0,"T0000186",1,0,"WK","Mpupiso"
"950","short-su",0,"T0000186",1,0,"WK","Mpupiso"
"951","short-sd",0,"T0000186",1,0,"WK","Mpupiso"
"952","short-ur",0,"T0000186",1,0,"WK","Mpupiso"
"953","short-dr",0,"T0000186",1,0,"WK","Mpupiso"
"954","short-c",0,"T0000186",1,0,"WK","Mpupiso"
"955","complex",0,"T0000186",1,0,"WK","Mpupiso"
"956","upward ramp",0,"T0000186",1,0,"WK","Mpupiso"
"957","downward ramp",0,"T0000186",1,0,"WK","Mpupiso"
"958","step up",0,"T0000186",1,0,"WK","Mpupiso"
"959","step down",0,"T0000186",1,0,"WK","Mpupiso"
"960","multi-step",0,"T0000186",1,0,"WK","Mpupiso"
"961","multi-step-s",0,"T0000186",1,0,"WK","Mpupiso"
"962","trill",0,"T0000186",1,0,"WK","Mpupiso"
"963","trill-c",0,"T0000186",1,0,"WK","Mpupiso"
"964","trill-f",0,"T0000186",1,0,"WK","Mpupiso"
"965","inverted-U",0,"T0000186",1,0,"WK","Mpupiso"
"966","unclear",0,"T0000186",1,0,"WK","Mpupiso"
"967","flat",1,"T0000187",2,0.5,"WK","Fpupiso"
"968","flat-z",0,"T0000187",2,0,"WK","Fpupiso"
"969","flat-mz",0,"T0000187",2,0,"WK","Fpupiso"
"970","short",0,"T0000187",2,0,"WK","Fpupiso"
"971","short-su",0,"T0000187",2,0,"WK","Fpupiso"
"972","short-sd",0,"T0000187",2,0,"WK","Fpupiso"
"973","short-ur",0,"T0000187",2,0,"WK","Fpupiso"
"974","short-dr",0,"T0000187",2,0,"WK","Fpupiso"
"975","short-c",1,"T0000187",2,0.5,"WK","Fpupiso"
"976","complex",0,"T0000187",2,0,"WK","Fpupiso"
"977","upward ramp",0,"T0000187",2,0,"WK","Fpupiso"
"978","downward ramp",0,"T0000187",2,0,"WK","Fpupiso"
"979","step up",0,"T0000187",2,0,"WK","Fpupiso"
"980","step down",0,"T0000187",2,0,"WK","Fpupiso"
"981","multi-step",0,"T0000187",2,0,"WK","Fpupiso"
"982","multi-step-s",0,"T0000187",2,0,"WK","Fpupiso"
"983","trill",0,"T0000187",2,0,"WK","Fpupiso"
"984","trill-c",0,"T0000187",2,0,"WK","Fpupiso"
"985","trill-f",0,"T0000187",2,0,"WK","Fpupiso"
"986","inverted-U",0,"T0000187",2,0,"WK","Fpupiso"
"987","unclear",0,"T0000187",2,0,"WK","Fpupiso"
"988","flat",2,"T0000189",7,0.285714285714286,"WK","PupsSep"
"989","flat-z",0,"T0000189",7,0,"WK","PupsSep"
"990","flat-mz",0,"T0000189",7,0,"WK","PupsSep"
"991","short",0,"T0000189",7,0,"WK","PupsSep"
"992","short-su",0,"T0000189",7,0,"WK","PupsSep"
"993","short-sd",0,"T0000189",7,0,"WK","PupsSep"
"994","short-ur",0,"T0000189",7,0,"WK","PupsSep"
"995","short-dr",0,"T0000189",7,0,"WK","PupsSep"
"996","short-c",0,"T0000189",7,0,"WK","PupsSep"
"997","complex",0,"T0000189",7,0,"WK","PupsSep"
"998","upward ramp",0,"T0000189",7,0,"WK","PupsSep"
"999","downward ramp",0,"T0000189",7,0,"WK","PupsSep"
"1000","step up",2,"T0000189",7,0.285714285714286,"WK","PupsSep"
"1001","step down",0,"T0000189",7,0,"WK","PupsSep"
"1002","multi-step",0,"T0000189",7,0,"WK","PupsSep"
"1003","multi-step-s",0,"T0000189",7,0,"WK","PupsSep"
"1004","trill",3,"T0000189",7,0.428571428571429,"WK","PupsSep"
"1005","trill-c",0,"T0000189",7,0,"WK","PupsSep"
"1006","trill-f",0,"T0000189",7,0,"WK","PupsSep"
"1007","inverted-U",0,"T0000189",7,0,"WK","PupsSep"
"1008","unclear",0,"T0000189",7,0,"WK","PupsSep"
"1009","flat",137,"T0000190",489,0.280163599182004,"WK","MBT"
"1010","flat-z",22,"T0000190",489,0.0449897750511247,"WK","MBT"
"1011","flat-mz",18,"T0000190",489,0.0368098159509202,"WK","MBT"
"1012","short",40,"T0000190",489,0.081799591002045,"WK","MBT"
"1013","short-su",1,"T0000190",489,0.00204498977505112,"WK","MBT"
"1014","short-sd",0,"T0000190",489,0,"WK","MBT"
"1015","short-ur",11,"T0000190",489,0.0224948875255624,"WK","MBT"
"1016","short-dr",0,"T0000190",489,0,"WK","MBT"
"1017","short-c",27,"T0000190",489,0.0552147239263804,"WK","MBT"
"1018","complex",23,"T0000190",489,0.0470347648261759,"WK","MBT"
"1019","upward ramp",3,"T0000190",489,0.00613496932515337,"WK","MBT"
"1020","downward ramp",6,"T0000190",489,0.0122699386503067,"WK","MBT"
"1021","step up",10,"T0000190",489,0.0204498977505112,"WK","MBT"
"1022","step down",2,"T0000190",489,0.00408997955010225,"WK","MBT"
"1023","multi-step",0,"T0000190",489,0,"WK","MBT"
"1024","multi-step-s",0,"T0000190",489,0,"WK","MBT"
"1025","trill",153,"T0000190",489,0.312883435582822,"WK","MBT"
"1026","trill-c",27,"T0000190",489,0.0552147239263804,"WK","MBT"
"1027","trill-f",4,"T0000190",489,0.0081799591002045,"WK","MBT"
"1028","inverted-U",0,"T0000190",489,0,"WK","MBT"
"1029","unclear",5,"T0000190",489,0.0102249488752556,"WK","MBT"
"1030","flat",12,"T0000191",45,0.266666666666667,"WK","Fpupiso"
"1031","flat-z",0,"T0000191",45,0,"WK","Fpupiso"
"1032","flat-mz",1,"T0000191",45,0.0222222222222222,"WK","Fpupiso"
"1033","short",11,"T0000191",45,0.244444444444444,"WK","Fpupiso"
"1034","short-su",2,"T0000191",45,0.0444444444444444,"WK","Fpupiso"
"1035","short-sd",2,"T0000191",45,0.0444444444444444,"WK","Fpupiso"
"1036","short-ur",7,"T0000191",45,0.155555555555556,"WK","Fpupiso"
"1037","short-dr",3,"T0000191",45,0.0666666666666667,"WK","Fpupiso"
"1038","short-c",6,"T0000191",45,0.133333333333333,"WK","Fpupiso"
"1039","complex",0,"T0000191",45,0,"WK","Fpupiso"
"1040","upward ramp",0,"T0000191",45,0,"WK","Fpupiso"
"1041","downward ramp",0,"T0000191",45,0,"WK","Fpupiso"
"1042","step up",1,"T0000191",45,0.0222222222222222,"WK","Fpupiso"
"1043","step down",0,"T0000191",45,0,"WK","Fpupiso"
"1044","multi-step",0,"T0000191",45,0,"WK","Fpupiso"
"1045","multi-step-s",0,"T0000191",45,0,"WK","Fpupiso"
"1046","trill",0,"T0000191",45,0,"WK","Fpupiso"
"1047","trill-c",0,"T0000191",45,0,"WK","Fpupiso"
"1048","trill-f",0,"T0000191",45,0,"WK","Fpupiso"
"1049","inverted-U",0,"T0000191",45,0,"WK","Fpupiso"
"1050","unclear",0,"T0000191",45,0,"WK","Fpupiso"
"1051","flat",76,"T0000192",108,0.703703703703704,"WK","Mpupiso"
"1052","flat-z",17,"T0000192",108,0.157407407407407,"WK","Mpupiso"
"1053","flat-mz",3,"T0000192",108,0.0277777777777778,"WK","Mpupiso"
"1054","short",3,"T0000192",108,0.0277777777777778,"WK","Mpupiso"
"1055","short-su",0,"T0000192",108,0,"WK","Mpupiso"
"1056","short-sd",0,"T0000192",108,0,"WK","Mpupiso"
"1057","short-ur",0,"T0000192",108,0,"WK","Mpupiso"
"1058","short-dr",0,"T0000192",108,0,"WK","Mpupiso"
"1059","short-c",0,"T0000192",108,0,"WK","Mpupiso"
"1060","complex",7,"T0000192",108,0.0648148148148148,"WK","Mpupiso"
"1061","upward ramp",0,"T0000192",108,0,"WK","Mpupiso"
"1062","downward ramp",1,"T0000192",108,0.00925925925925926,"WK","Mpupiso"
"1063","step up",1,"T0000192",108,0.00925925925925926,"WK","Mpupiso"
"1064","step down",0,"T0000192",108,0,"WK","Mpupiso"
"1065","multi-step",0,"T0000192",108,0,"WK","Mpupiso"
"1066","multi-step-s",0,"T0000192",108,0,"WK","Mpupiso"
"1067","trill",0,"T0000192",108,0,"WK","Mpupiso"
"1068","trill-c",0,"T0000192",108,0,"WK","Mpupiso"
"1069","trill-f",0,"T0000192",108,0,"WK","Mpupiso"
"1070","inverted-U",0,"T0000192",108,0,"WK","Mpupiso"
"1071","unclear",0,"T0000192",108,0,"WK","Mpupiso"
"1072","flat",74,"T0000194",81,0.91358024691358,"SD","PupsSep"
"1073","flat-z",3,"T0000194",81,0.037037037037037,"SD","PupsSep"
"1074","flat-mz",0,"T0000194",81,0,"SD","PupsSep"
"1075","short",4,"T0000194",81,0.0493827160493827,"SD","PupsSep"
"1076","short-su",0,"T0000194",81,0,"SD","PupsSep"
"1077","short-sd",0,"T0000194",81,0,"SD","PupsSep"
"1078","short-ur",0,"T0000194",81,0,"SD","PupsSep"
"1079","short-dr",0,"T0000194",81,0,"SD","PupsSep"
"1080","short-c",0,"T0000194",81,0,"SD","PupsSep"
"1081","complex",0,"T0000194",81,0,"SD","PupsSep"
"1082","upward ramp",0,"T0000194",81,0,"SD","PupsSep"
"1083","downward ramp",0,"T0000194",81,0,"SD","PupsSep"
"1084","step up",0,"T0000194",81,0,"SD","PupsSep"
"1085","step down",0,"T0000194",81,0,"SD","PupsSep"
"1086","multi-step",0,"T0000194",81,0,"SD","PupsSep"
"1087","multi-step-s",0,"T0000194",81,0,"SD","PupsSep"
"1088","trill",0,"T0000194",81,0,"SD","PupsSep"
"1089","trill-c",0,"T0000194",81,0,"SD","PupsSep"
"1090","trill-f",0,"T0000194",81,0,"SD","PupsSep"
"1091","inverted-U",0,"T0000194",81,0,"SD","PupsSep"
"1092","unclear",0,"T0000194",81,0,"SD","PupsSep"
"1093","flat",370,"T0000195",539,0.686456400742115,"SD","MBT"
"1094","flat-z",41,"T0000195",539,0.0760667903525046,"SD","MBT"
"1095","flat-mz",28,"T0000195",539,0.051948051948052,"SD","MBT"
"1096","short",36,"T0000195",539,0.0667903525046382,"SD","MBT"
"1097","short-su",0,"T0000195",539,0,"SD","MBT"
"1098","short-sd",0,"T0000195",539,0,"SD","MBT"
"1099","short-ur",6,"T0000195",539,0.0111317254174397,"SD","MBT"
"1100","short-dr",0,"T0000195",539,0,"SD","MBT"
"1101","short-c",10,"T0000195",539,0.0185528756957328,"SD","MBT"
"1102","complex",21,"T0000195",539,0.038961038961039,"SD","MBT"
"1103","upward ramp",10,"T0000195",539,0.0185528756957328,"SD","MBT"
"1104","downward ramp",1,"T0000195",539,0.00185528756957328,"SD","MBT"
"1105","step up",5,"T0000195",539,0.00927643784786642,"SD","MBT"
"1106","step down",6,"T0000195",539,0.0111317254174397,"SD","MBT"
"1107","multi-step",2,"T0000195",539,0.00371057513914657,"SD","MBT"
"1108","multi-step-s",0,"T0000195",539,0,"SD","MBT"
"1109","trill",2,"T0000195",539,0.00371057513914657,"SD","MBT"
"1110","trill-c",0,"T0000195",539,0,"SD","MBT"
"1111","trill-f",1,"T0000195",539,0.00185528756957328,"SD","MBT"
"1112","inverted-U",0,"T0000195",539,0,"SD","MBT"
"1113","unclear",0,"T0000195",539,0,"SD","MBT"
"1114","flat",30,"T0000196",39,0.769230769230769,"SD","Mpupiso"
"1115","flat-z",7,"T0000196",39,0.179487179487179,"SD","Mpupiso"
"1116","flat-mz",1,"T0000196",39,0.0256410256410256,"SD","Mpupiso"
"1117","short",1,"T0000196",39,0.0256410256410256,"SD","Mpupiso"
"1118","short-su",0,"T0000196",39,0,"SD","Mpupiso"
"1119","short-sd",0,"T0000196",39,0,"SD","Mpupiso"
"1120","short-ur",0,"T0000196",39,0,"SD","Mpupiso"
"1121","short-dr",0,"T0000196",39,0,"SD","Mpupiso"
"1122","short-c",0,"T0000196",39,0,"SD","Mpupiso"
"1123","complex",0,"T0000196",39,0,"SD","Mpupiso"
"1124","upward ramp",0,"T0000196",39,0,"SD","Mpupiso"
"1125","downward ramp",0,"T0000196",39,0,"SD","Mpupiso"
"1126","step up",0,"T0000196",39,0,"SD","Mpupiso"
"1127","step down",0,"T0000196",39,0,"SD","Mpupiso"
"1128","multi-step",0,"T0000196",39,0,"SD","Mpupiso"
"1129","multi-step-s",0,"T0000196",39,0,"SD","Mpupiso"
"1130","trill",0,"T0000196",39,0,"SD","Mpupiso"
"1131","trill-c",0,"T0000196",39,0,"SD","Mpupiso"
"1132","trill-f",0,"T0000196",39,0,"SD","Mpupiso"
"1133","inverted-U",0,"T0000196",39,0,"SD","Mpupiso"
"1134","unclear",0,"T0000196",39,0,"SD","Mpupiso"
"1135","flat",447,"T0000197",548,0.815693430656934,"SD","Fpupiso"
"1136","flat-z",37,"T0000197",548,0.0675182481751825,"SD","Fpupiso"
"1137","flat-mz",43,"T0000197",548,0.0784671532846715,"SD","Fpupiso"
"1138","short",19,"T0000197",548,0.0346715328467153,"SD","Fpupiso"
"1139","short-su",0,"T0000197",548,0,"SD","Fpupiso"
"1140","short-sd",0,"T0000197",548,0,"SD","Fpupiso"
"1141","short-ur",0,"T0000197",548,0,"SD","Fpupiso"
"1142","short-dr",0,"T0000197",548,0,"SD","Fpupiso"
"1143","short-c",1,"T0000197",548,0.00182481751824818,"SD","Fpupiso"
"1144","complex",0,"T0000197",548,0,"SD","Fpupiso"
"1145","upward ramp",1,"T0000197",548,0.00182481751824818,"SD","Fpupiso"
"1146","downward ramp",0,"T0000197",548,0,"SD","Fpupiso"
"1147","step up",0,"T0000197",548,0,"SD","Fpupiso"
"1148","step down",0,"T0000197",548,0,"SD","Fpupiso"
"1149","multi-step",0,"T0000197",548,0,"SD","Fpupiso"
"1150","multi-step-s",0,"T0000197",548,0,"SD","Fpupiso"
"1151","trill",0,"T0000197",548,0,"SD","Fpupiso"
"1152","trill-c",0,"T0000197",548,0,"SD","Fpupiso"
"1153","trill-f",0,"T0000197",548,0,"SD","Fpupiso"
"1154","inverted-U",0,"T0000197",548,0,"SD","Fpupiso"
"1155","unclear",0,"T0000197",548,0,"SD","Fpupiso"
"1156","flat",32,"T0000199",49,0.653061224489796,"SD","MA"
"1157","flat-z",3,"T0000199",49,0.0612244897959184,"SD","MA"
"1158","flat-mz",0,"T0000199",49,0,"SD","MA"
"1159","short",10,"T0000199",49,0.204081632653061,"SD","MA"
"1160","short-su",0,"T0000199",49,0,"SD","MA"
"1161","short-sd",0,"T0000199",49,0,"SD","MA"
"1162","short-ur",2,"T0000199",49,0.0408163265306122,"SD","MA"
"1163","short-dr",0,"T0000199",49,0,"SD","MA"
"1164","short-c",1,"T0000199",49,0.0204081632653061,"SD","MA"
"1165","complex",1,"T0000199",49,0.0204081632653061,"SD","MA"
"1166","upward ramp",0,"T0000199",49,0,"SD","MA"
"1167","downward ramp",0,"T0000199",49,0,"SD","MA"
"1168","step up",0,"T0000199",49,0,"SD","MA"
"1169","step down",0,"T0000199",49,0,"SD","MA"
"1170","multi-step",0,"T0000199",49,0,"SD","MA"
"1171","multi-step-s",0,"T0000199",49,0,"SD","MA"
"1172","trill",0,"T0000199",49,0,"SD","MA"
"1173","trill-c",0,"T0000199",49,0,"SD","MA"
"1174","trill-f",0,"T0000199",49,0,"SD","MA"
"1175","inverted-U",0,"T0000199",49,0,"SD","MA"
"1176","unclear",0,"T0000199",49,0,"SD","MA"
"1177","flat",125,"T0000201",178,0.702247191011236,"SD","MA"
"1178","flat-z",8,"T0000201",178,0.0449438202247191,"SD","MA"
"1179","flat-mz",2,"T0000201",178,0.0112359550561798,"SD","MA"
"1180","short",28,"T0000201",178,0.157303370786517,"SD","MA"
"1181","short-su",0,"T0000201",178,0,"SD","MA"
"1182","short-sd",0,"T0000201",178,0,"SD","MA"
"1183","short-ur",3,"T0000201",178,0.0168539325842697,"SD","MA"
"1184","short-dr",1,"T0000201",178,0.00561797752808989,"SD","MA"
"1185","short-c",7,"T0000201",178,0.0393258426966292,"SD","MA"
"1186","complex",1,"T0000201",178,0.00561797752808989,"SD","MA"
"1187","upward ramp",1,"T0000201",178,0.00561797752808989,"SD","MA"
"1188","downward ramp",0,"T0000201",178,0,"SD","MA"
"1189","step up",1,"T0000201",178,0.00561797752808989,"SD","MA"
"1190","step down",0,"T0000201",178,0,"SD","MA"
"1191","multi-step",0,"T0000201",178,0,"SD","MA"
"1192","multi-step-s",0,"T0000201",178,0,"SD","MA"
"1193","trill",0,"T0000201",178,0,"SD","MA"
"1194","trill-c",0,"T0000201",178,0,"SD","MA"
"1195","trill-f",0,"T0000201",178,0,"SD","MA"
"1196","inverted-U",0,"T0000201",178,0,"SD","MA"
"1197","unclear",1,"T0000201",178,0.00561797752808989,"SD","MA"
"1198","flat",33,"T0000203",84,0.392857142857143,"SD","MA"
"1199","flat-z",2,"T0000203",84,0.0238095238095238,"SD","MA"
"1200","flat-mz",1,"T0000203",84,0.0119047619047619,"SD","MA"
"1201","short",16,"T0000203",84,0.19047619047619,"SD","MA"
"1202","short-su",0,"T0000203",84,0,"SD","MA"
"1203","short-sd",0,"T0000203",84,0,"SD","MA"
"1204","short-ur",4,"T0000203",84,0.0476190476190476,"SD","MA"
"1205","short-dr",3,"T0000203",84,0.0357142857142857,"SD","MA"
"1206","short-c",17,"T0000203",84,0.202380952380952,"SD","MA"
"1207","complex",1,"T0000203",84,0.0119047619047619,"SD","MA"
"1208","upward ramp",2,"T0000203",84,0.0238095238095238,"SD","MA"
"1209","downward ramp",0,"T0000203",84,0,"SD","MA"
"1210","step up",3,"T0000203",84,0.0357142857142857,"SD","MA"
"1211","step down",1,"T0000203",84,0.0119047619047619,"SD","MA"
"1212","multi-step",1,"T0000203",84,0.0119047619047619,"SD","MA"
"1213","multi-step-s",0,"T0000203",84,0,"SD","MA"
"1214","trill",0,"T0000203",84,0,"SD","MA"
"1215","trill-c",0,"T0000203",84,0,"SD","MA"
"1216","trill-f",0,"T0000203",84,0,"SD","MA"
"1217","inverted-U",0,"T0000203",84,0,"SD","MA"
"1218","unclear",0,"T0000203",84,0,"SD","MA"
"1219","flat",2,"T0000226",3,0.666666666666667,"WK","MomAlone"
"1220","flat-z",0,"T0000226",3,0,"WK","MomAlone"
"1221","flat-mz",0,"T0000226",3,0,"WK","MomAlone"
"1222","short",0,"T0000226",3,0,"WK","MomAlone"
"1223","short-su",0,"T0000226",3,0,"WK","MomAlone"
"1224","short-sd",0,"T0000226",3,0,"WK","MomAlone"
"1225","short-ur",0,"T0000226",3,0,"WK","MomAlone"
"1226","short-dr",0,"T0000226",3,0,"WK","MomAlone"
"1227","short-c",0,"T0000226",3,0,"WK","MomAlone"
"1228","complex",1,"T0000226",3,0.333333333333333,"WK","MomAlone"
"1229","upward ramp",0,"T0000226",3,0,"WK","MomAlone"
"1230","downward ramp",0,"T0000226",3,0,"WK","MomAlone"
"1231","step up",0,"T0000226",3,0,"WK","MomAlone"
"1232","step down",0,"T0000226",3,0,"WK","MomAlone"
"1233","multi-step",0,"T0000226",3,0,"WK","MomAlone"
"1234","multi-step-s",0,"T0000226",3,0,"WK","MomAlone"
"1235","trill",0,"T0000226",3,0,"WK","MomAlone"
"1236","trill-c",0,"T0000226",3,0,"WK","MomAlone"
"1237","trill-f",0,"T0000226",3,0,"WK","MomAlone"
"1238","inverted-U",0,"T0000226",3,0,"WK","MomAlone"
"1239","unclear",0,"T0000226",3,0,"WK","MomAlone"
"1240","flat",108,"T0000228",310,0.348387096774194,"WK","MBT"
"1241","flat-z",14,"T0000228",310,0.0451612903225806,"WK","MBT"
"1242","flat-mz",9,"T0000228",310,0.0290322580645161,"WK","MBT"
"1243","short",41,"T0000228",310,0.132258064516129,"WK","MBT"
"1244","short-su",0,"T0000228",310,0,"WK","MBT"
"1245","short-sd",0,"T0000228",310,0,"WK","MBT"
"1246","short-ur",19,"T0000228",310,0.0612903225806452,"WK","MBT"
"1247","short-dr",9,"T0000228",310,0.0290322580645161,"WK","MBT"
"1248","short-c",19,"T0000228",310,0.0612903225806452,"WK","MBT"
"1249","complex",37,"T0000228",310,0.119354838709677,"WK","MBT"
"1250","upward ramp",8,"T0000228",310,0.0258064516129032,"WK","MBT"
"1251","downward ramp",2,"T0000228",310,0.00645161290322581,"WK","MBT"
"1252","step up",12,"T0000228",310,0.0387096774193548,"WK","MBT"
"1253","step down",5,"T0000228",310,0.0161290322580645,"WK","MBT"
"1254","multi-step",1,"T0000228",310,0.0032258064516129,"WK","MBT"
"1255","multi-step-s",0,"T0000228",310,0,"WK","MBT"
"1256","trill",12,"T0000228",310,0.0387096774193548,"WK","MBT"
"1257","trill-c",13,"T0000228",310,0.0419354838709677,"WK","MBT"
"1258","trill-f",1,"T0000228",310,0.0032258064516129,"WK","MBT"
"1259","inverted-U",0,"T0000228",310,0,"WK","MBT"
"1260","unclear",0,"T0000228",310,0,"WK","MBT"
"1261","flat",69,"T0000229",69,1,"WK","Mpupiso"
"1262","flat-z",0,"T0000229",69,0,"WK","Mpupiso"
"1263","flat-mz",0,"T0000229",69,0,"WK","Mpupiso"
"1264","short",0,"T0000229",69,0,"WK","Mpupiso"
"1265","short-su",0,"T0000229",69,0,"WK","Mpupiso"
"1266","short-sd",0,"T0000229",69,0,"WK","Mpupiso"
"1267","short-ur",0,"T0000229",69,0,"WK","Mpupiso"
"1268","short-dr",0,"T0000229",69,0,"WK","Mpupiso"
"1269","short-c",0,"T0000229",69,0,"WK","Mpupiso"
"1270","complex",0,"T0000229",69,0,"WK","Mpupiso"
"1271","upward ramp",0,"T0000229",69,0,"WK","Mpupiso"
"1272","downward ramp",0,"T0000229",69,0,"WK","Mpupiso"
"1273","step up",0,"T0000229",69,0,"WK","Mpupiso"
"1274","step down",0,"T0000229",69,0,"WK","Mpupiso"
"1275","multi-step",0,"T0000229",69,0,"WK","Mpupiso"
"1276","multi-step-s",0,"T0000229",69,0,"WK","Mpupiso"
"1277","trill",0,"T0000229",69,0,"WK","Mpupiso"
"1278","trill-c",0,"T0000229",69,0,"WK","Mpupiso"
"1279","trill-f",0,"T0000229",69,0,"WK","Mpupiso"
"1280","inverted-U",0,"T0000229",69,0,"WK","Mpupiso"
"1281","unclear",0,"T0000229",69,0,"WK","Mpupiso"
"1282","flat",11,"T0000230",15,0.733333333333333,"WK","Fpupiso"
"1283","flat-z",1,"T0000230",15,0.0666666666666667,"WK","Fpupiso"
"1284","flat-mz",0,"T0000230",15,0,"WK","Fpupiso"
"1285","short",2,"T0000230",15,0.133333333333333,"WK","Fpupiso"
"1286","short-su",0,"T0000230",15,0,"WK","Fpupiso"
"1287","short-sd",0,"T0000230",15,0,"WK","Fpupiso"
"1288","short-ur",0,"T0000230",15,0,"WK","Fpupiso"
"1289","short-dr",0,"T0000230",15,0,"WK","Fpupiso"
"1290","short-c",0,"T0000230",15,0,"WK","Fpupiso"
"1291","complex",1,"T0000230",15,0.0666666666666667,"WK","Fpupiso"
"1292","upward ramp",0,"T0000230",15,0,"WK","Fpupiso"
"1293","downward ramp",0,"T0000230",15,0,"WK","Fpupiso"
"1294","step up",0,"T0000230",15,0,"WK","Fpupiso"
"1295","step down",0,"T0000230",15,0,"WK","Fpupiso"
"1296","multi-step",0,"T0000230",15,0,"WK","Fpupiso"
"1297","multi-step-s",0,"T0000230",15,0,"WK","Fpupiso"
"1298","trill",0,"T0000230",15,0,"WK","Fpupiso"
"1299","trill-c",0,"T0000230",15,0,"WK","Fpupiso"
"1300","trill-f",0,"T0000230",15,0,"WK","Fpupiso"
"1301","inverted-U",0,"T0000230",15,0,"WK","Fpupiso"
"1302","unclear",0,"T0000230",15,0,"WK","Fpupiso"
"1303","flat",28,"T0000233",318,0.0880503144654088,"SD","MA"
"1304","flat-z",1,"T0000233",318,0.00314465408805031,"SD","MA"
"1305","flat-mz",1,"T0000233",318,0.00314465408805031,"SD","MA"
"1306","short",119,"T0000233",318,0.374213836477987,"SD","MA"
"1307","short-su",0,"T0000233",318,0,"SD","MA"
"1308","short-sd",0,"T0000233",318,0,"SD","MA"
"1309","short-ur",93,"T0000233",318,0.292452830188679,"SD","MA"
"1310","short-dr",0,"T0000233",318,0,"SD","MA"
"1311","short-c",66,"T0000233",318,0.207547169811321,"SD","MA"
"1312","complex",4,"T0000233",318,0.0125786163522013,"SD","MA"
"1313","upward ramp",1,"T0000233",318,0.00314465408805031,"SD","MA"
"1314","downward ramp",1,"T0000233",318,0.00314465408805031,"SD","MA"
"1315","step up",0,"T0000233",318,0,"SD","MA"
"1316","step down",1,"T0000233",318,0.00314465408805031,"SD","MA"
"1317","multi-step",3,"T0000233",318,0.00943396226415094,"SD","MA"
"1318","multi-step-s",0,"T0000233",318,0,"SD","MA"
"1319","trill",0,"T0000233",318,0,"SD","MA"
"1320","trill-c",0,"T0000233",318,0,"SD","MA"
"1321","trill-f",0,"T0000233",318,0,"SD","MA"
"1322","inverted-U",0,"T0000233",318,0,"SD","MA"
"1323","unclear",0,"T0000233",318,0,"SD","MA"
"1324","flat",2,"T0000240",4,0.5,"SD","MomAlone"
"1325","flat-z",0,"T0000240",4,0,"SD","MomAlone"
"1326","flat-mz",0,"T0000240",4,0,"SD","MomAlone"
"1327","short",1,"T0000240",4,0.25,"SD","MomAlone"
"1328","short-su",0,"T0000240",4,0,"SD","MomAlone"
"1329","short-sd",0,"T0000240",4,0,"SD","MomAlone"
"1330","short-ur",0,"T0000240",4,0,"SD","MomAlone"
"1331","short-dr",0,"T0000240",4,0,"SD","MomAlone"
"1332","short-c",0,"T0000240",4,0,"SD","MomAlone"
"1333","complex",0,"T0000240",4,0,"SD","MomAlone"
"1334","upward ramp",0,"T0000240",4,0,"SD","MomAlone"
"1335","downward ramp",0,"T0000240",4,0,"SD","MomAlone"
"1336","step up",0,"T0000240",4,0,"SD","MomAlone"
"1337","step down",1,"T0000240",4,0.25,"SD","MomAlone"
"1338","multi-step",0,"T0000240",4,0,"SD","MomAlone"
"1339","multi-step-s",0,"T0000240",4,0,"SD","MomAlone"
"1340","trill",0,"T0000240",4,0,"SD","MomAlone"
"1341","trill-c",0,"T0000240",4,0,"SD","MomAlone"
"1342","trill-f",0,"T0000240",4,0,"SD","MomAlone"
"1343","inverted-U",0,"T0000240",4,0,"SD","MomAlone"
"1344","unclear",0,"T0000240",4,0,"SD","MomAlone"
"1345","flat",7,"T0000241",16,0.4375,"SD","PupsSep"
"1346","flat-z",1,"T0000241",16,0.0625,"SD","PupsSep"
"1347","flat-mz",0,"T0000241",16,0,"SD","PupsSep"
"1348","short",7,"T0000241",16,0.4375,"SD","PupsSep"
"1349","short-su",0,"T0000241",16,0,"SD","PupsSep"
"1350","short-sd",0,"T0000241",16,0,"SD","PupsSep"
"1351","short-ur",0,"T0000241",16,0,"SD","PupsSep"
"1352","short-dr",0,"T0000241",16,0,"SD","PupsSep"
"1353","short-c",0,"T0000241",16,0,"SD","PupsSep"
"1354","complex",1,"T0000241",16,0.0625,"SD","PupsSep"
"1355","upward ramp",0,"T0000241",16,0,"SD","PupsSep"
"1356","downward ramp",0,"T0000241",16,0,"SD","PupsSep"
"1357","step up",0,"T0000241",16,0,"SD","PupsSep"
"1358","step down",0,"T0000241",16,0,"SD","PupsSep"
"1359","multi-step",0,"T0000241",16,0,"SD","PupsSep"
"1360","multi-step-s",0,"T0000241",16,0,"SD","PupsSep"
"1361","trill",0,"T0000241",16,0,"SD","PupsSep"
"1362","trill-c",0,"T0000241",16,0,"SD","PupsSep"
"1363","trill-f",0,"T0000241",16,0,"SD","PupsSep"
"1364","inverted-U",0,"T0000241",16,0,"SD","PupsSep"
"1365","unclear",0,"T0000241",16,0,"SD","PupsSep"
"1366","flat",469,"T0000242",769,0.609882964889467,"SD","MBT"
"1367","flat-z",49,"T0000242",769,0.0637191157347204,"SD","MBT"
"1368","flat-mz",31,"T0000242",769,0.0403120936280884,"SD","MBT"
"1369","short",110,"T0000242",769,0.143042912873862,"SD","MBT"
"1370","short-su",0,"T0000242",769,0,"SD","MBT"
"1371","short-sd",0,"T0000242",769,0,"SD","MBT"
"1372","short-ur",11,"T0000242",769,0.0143042912873862,"SD","MBT"
"1373","short-dr",3,"T0000242",769,0.00390117035110533,"SD","MBT"
"1374","short-c",14,"T0000242",769,0.0182054616384915,"SD","MBT"
"1375","complex",26,"T0000242",769,0.0338101430429129,"SD","MBT"
"1376","upward ramp",9,"T0000242",769,0.011703511053316,"SD","MBT"
"1377","downward ramp",4,"T0000242",769,0.00520156046814044,"SD","MBT"
"1378","step up",6,"T0000242",769,0.00780234070221066,"SD","MBT"
"1379","step down",16,"T0000242",769,0.0208062418725618,"SD","MBT"
"1380","multi-step",3,"T0000242",769,0.00390117035110533,"SD","MBT"
"1381","multi-step-s",0,"T0000242",769,0,"SD","MBT"
"1382","trill",6,"T0000242",769,0.00780234070221066,"SD","MBT"
"1383","trill-c",6,"T0000242",769,0.00780234070221066,"SD","MBT"
"1384","trill-f",5,"T0000242",769,0.00650195058517555,"SD","MBT"
"1385","inverted-U",0,"T0000242",769,0,"SD","MBT"
"1386","unclear",1,"T0000242",769,0.00130039011703511,"SD","MBT"
"1387","flat",2,"T0000243",46,0.0434782608695652,"SD","Mpupiso"
"1388","flat-z",0,"T0000243",46,0,"SD","Mpupiso"
"1389","flat-mz",0,"T0000243",46,0,"SD","Mpupiso"
"1390","short",10,"T0000243",46,0.217391304347826,"SD","Mpupiso"
"1391","short-su",3,"T0000243",46,0.0652173913043478,"SD","Mpupiso"
"1392","short-sd",4,"T0000243",46,0.0869565217391304,"SD","Mpupiso"
"1393","short-ur",13,"T0000243",46,0.282608695652174,"SD","Mpupiso"
"1394","short-dr",0,"T0000243",46,0,"SD","Mpupiso"
"1395","short-c",10,"T0000243",46,0.217391304347826,"SD","Mpupiso"
"1396","complex",1,"T0000243",46,0.0217391304347826,"SD","Mpupiso"
"1397","upward ramp",0,"T0000243",46,0,"SD","Mpupiso"
"1398","downward ramp",0,"T0000243",46,0,"SD","Mpupiso"
"1399","step up",0,"T0000243",46,0,"SD","Mpupiso"
"1400","step down",1,"T0000243",46,0.0217391304347826,"SD","Mpupiso"
"1401","multi-step",0,"T0000243",46,0,"SD","Mpupiso"
"1402","multi-step-s",0,"T0000243",46,0,"SD","Mpupiso"
"1403","trill",0,"T0000243",46,0,"SD","Mpupiso"
"1404","trill-c",0,"T0000243",46,0,"SD","Mpupiso"
"1405","trill-f",0,"T0000243",46,0,"SD","Mpupiso"
"1406","inverted-U",0,"T0000243",46,0,"SD","Mpupiso"
"1407","unclear",2,"T0000243",46,0.0434782608695652,"SD","Mpupiso"
"1408","flat",16,"T0000244",36,0.444444444444444,"SD","Fpupiso"
"1409","flat-z",0,"T0000244",36,0,"SD","Fpupiso"
"1410","flat-mz",0,"T0000244",36,0,"SD","Fpupiso"
"1411","short",11,"T0000244",36,0.305555555555556,"SD","Fpupiso"
"1412","short-su",0,"T0000244",36,0,"SD","Fpupiso"
"1413","short-sd",0,"T0000244",36,0,"SD","Fpupiso"
"1414","short-ur",3,"T0000244",36,0.0833333333333333,"SD","Fpupiso"
"1415","short-dr",0,"T0000244",36,0,"SD","Fpupiso"
"1416","short-c",1,"T0000244",36,0.0277777777777778,"SD","Fpupiso"
"1417","complex",0,"T0000244",36,0,"SD","Fpupiso"
"1418","upward ramp",0,"T0000244",36,0,"SD","Fpupiso"
"1419","downward ramp",0,"T0000244",36,0,"SD","Fpupiso"
"1420","step up",1,"T0000244",36,0.0277777777777778,"SD","Fpupiso"
"1421","step down",3,"T0000244",36,0.0833333333333333,"SD","Fpupiso"
"1422","multi-step",0,"T0000244",36,0,"SD","Fpupiso"
"1423","multi-step-s",1,"T0000244",36,0.0277777777777778,"SD","Fpupiso"
"1424","trill",0,"T0000244",36,0,"SD","Fpupiso"
"1425","trill-c",0,"T0000244",36,0,"SD","Fpupiso"
"1426","trill-f",0,"T0000244",36,0,"SD","Fpupiso"
"1427","inverted-U",0,"T0000244",36,0,"SD","Fpupiso"
"1428","unclear",0,"T0000244",36,0,"SD","Fpupiso"
"1429","flat",119,"T0000251",282,0.421985815602837,"SD","MA"
"1430","flat-z",11,"T0000251",282,0.0390070921985816,"SD","MA"
"1431","flat-mz",5,"T0000251",282,0.0177304964539007,"SD","MA"
"1432","short",75,"T0000251",282,0.265957446808511,"SD","MA"
"1433","short-su",0,"T0000251",282,0,"SD","MA"
"1434","short-sd",0,"T0000251",282,0,"SD","MA"
"1435","short-ur",36,"T0000251",282,0.127659574468085,"SD","MA"
"1436","short-dr",10,"T0000251",282,0.0354609929078014,"SD","MA"
"1437","short-c",11,"T0000251",282,0.0390070921985816,"SD","MA"
"1438","complex",3,"T0000251",282,0.0106382978723404,"SD","MA"
"1439","upward ramp",2,"T0000251",282,0.00709219858156028,"SD","MA"
"1440","downward ramp",1,"T0000251",282,0.00354609929078014,"SD","MA"
"1441","step up",4,"T0000251",282,0.0141843971631206,"SD","MA"
"1442","step down",2,"T0000251",282,0.00709219858156028,"SD","MA"
"1443","multi-step",1,"T0000251",282,0.00354609929078014,"SD","MA"
"1444","multi-step-s",0,"T0000251",282,0,"SD","MA"
"1445","trill",0,"T0000251",282,0,"SD","MA"
"1446","trill-c",0,"T0000251",282,0,"SD","MA"
"1447","trill-f",0,"T0000251",282,0,"SD","MA"
"1448","inverted-U",0,"T0000251",282,0,"SD","MA"
"1449","unclear",2,"T0000251",282,0.00709219858156028,"SD","MA"
"1450","flat",21,"T0000252",36,0.583333333333333,"SD","MomAlone"
"1451","flat-z",1,"T0000252",36,0.0277777777777778,"SD","MomAlone"
"1452","flat-mz",1,"T0000252",36,0.0277777777777778,"SD","MomAlone"
"1453","short",10,"T0000252",36,0.277777777777778,"SD","MomAlone"
"1454","short-su",0,"T0000252",36,0,"SD","MomAlone"
"1455","short-sd",0,"T0000252",36,0,"SD","MomAlone"
"1456","short-ur",0,"T0000252",36,0,"SD","MomAlone"
"1457","short-dr",1,"T0000252",36,0.0277777777777778,"SD","MomAlone"
"1458","short-c",0,"T0000252",36,0,"SD","MomAlone"
"1459","complex",2,"T0000252",36,0.0555555555555556,"SD","MomAlone"
"1460","upward ramp",0,"T0000252",36,0,"SD","MomAlone"
"1461","downward ramp",0,"T0000252",36,0,"SD","MomAlone"
"1462","step up",0,"T0000252",36,0,"SD","MomAlone"
"1463","step down",0,"T0000252",36,0,"SD","MomAlone"
"1464","multi-step",0,"T0000252",36,0,"SD","MomAlone"
"1465","multi-step-s",0,"T0000252",36,0,"SD","MomAlone"
"1466","trill",0,"T0000252",36,0,"SD","MomAlone"
"1467","trill-c",0,"T0000252",36,0,"SD","MomAlone"
"1468","trill-f",0,"T0000252",36,0,"SD","MomAlone"
"1469","inverted-U",0,"T0000252",36,0,"SD","MomAlone"
"1470","unclear",0,"T0000252",36,0,"SD","MomAlone"
"1471","flat",12,"T0000253",59,0.203389830508475,"SD","PupsSep"
"1472","flat-z",0,"T0000253",59,0,"SD","PupsSep"
"1473","flat-mz",0,"T0000253",59,0,"SD","PupsSep"
"1474","short",9,"T0000253",59,0.152542372881356,"SD","PupsSep"
"1475","short-su",0,"T0000253",59,0,"SD","PupsSep"
"1476","short-sd",1,"T0000253",59,0.0169491525423729,"SD","PupsSep"
"1477","short-ur",0,"T0000253",59,0,"SD","PupsSep"
"1478","short-dr",1,"T0000253",59,0.0169491525423729,"SD","PupsSep"
"1479","short-c",3,"T0000253",59,0.0508474576271186,"SD","PupsSep"
"1480","complex",3,"T0000253",59,0.0508474576271186,"SD","PupsSep"
"1481","upward ramp",4,"T0000253",59,0.0677966101694915,"SD","PupsSep"
"1482","downward ramp",0,"T0000253",59,0,"SD","PupsSep"
"1483","step up",2,"T0000253",59,0.0338983050847458,"SD","PupsSep"
"1484","step down",0,"T0000253",59,0,"SD","PupsSep"
"1485","multi-step",2,"T0000253",59,0.0338983050847458,"SD","PupsSep"
"1486","multi-step-s",3,"T0000253",59,0.0508474576271186,"SD","PupsSep"
"1487","trill",10,"T0000253",59,0.169491525423729,"SD","PupsSep"
"1488","trill-c",4,"T0000253",59,0.0677966101694915,"SD","PupsSep"
"1489","trill-f",3,"T0000253",59,0.0508474576271186,"SD","PupsSep"
"1490","inverted-U",0,"T0000253",59,0,"SD","PupsSep"
"1491","unclear",2,"T0000253",59,0.0338983050847458,"SD","PupsSep"
"1492","flat",475,"T0000254",929,0.511302475780409,"SD","MBT"
"1493","flat-z",41,"T0000254",929,0.0441334768568353,"SD","MBT"
"1494","flat-mz",42,"T0000254",929,0.0452099031216362,"SD","MBT"
"1495","short",106,"T0000254",929,0.114101184068891,"SD","MBT"
"1496","short-su",0,"T0000254",929,0,"SD","MBT"
"1497","short-sd",1,"T0000254",929,0.00107642626480086,"SD","MBT"
"1498","short-ur",7,"T0000254",929,0.00753498385360603,"SD","MBT"
"1499","short-dr",4,"T0000254",929,0.00430570505920344,"SD","MBT"
"1500","short-c",23,"T0000254",929,0.0247578040904198,"SD","MBT"
"1501","complex",6,"T0000254",929,0.00645855758880517,"SD","MBT"
"1502","upward ramp",8,"T0000254",929,0.00861141011840689,"SD","MBT"
"1503","downward ramp",7,"T0000254",929,0.00753498385360603,"SD","MBT"
"1504","step up",4,"T0000254",929,0.00430570505920344,"SD","MBT"
"1505","step down",14,"T0000254",929,0.0150699677072121,"SD","MBT"
"1506","multi-step",5,"T0000254",929,0.00538213132400431,"SD","MBT"
"1507","multi-step-s",3,"T0000254",929,0.00322927879440258,"SD","MBT"
"1508","trill",122,"T0000254",929,0.131324004305705,"SD","MBT"
"1509","trill-c",35,"T0000254",929,0.0376749192680301,"SD","MBT"
"1510","trill-f",13,"T0000254",929,0.0139935414424112,"SD","MBT"
"1511","inverted-U",0,"T0000254",929,0,"SD","MBT"
"1512","unclear",13,"T0000254",929,0.0139935414424112,"SD","MBT"
"1513","flat",163,"T0000255",351,0.464387464387464,"SD","Fpupiso"
"1514","flat-z",5,"T0000255",351,0.0142450142450142,"SD","Fpupiso"
"1515","flat-mz",3,"T0000255",351,0.00854700854700855,"SD","Fpupiso"
"1516","short",101,"T0000255",351,0.287749287749288,"SD","Fpupiso"
"1517","short-su",2,"T0000255",351,0.0056980056980057,"SD","Fpupiso"
"1518","short-sd",0,"T0000255",351,0,"SD","Fpupiso"
"1519","short-ur",0,"T0000255",351,0,"SD","Fpupiso"
"1520","short-dr",0,"T0000255",351,0,"SD","Fpupiso"
"1521","short-c",16,"T0000255",351,0.0455840455840456,"SD","Fpupiso"
"1522","complex",3,"T0000255",351,0.00854700854700855,"SD","Fpupiso"
"1523","upward ramp",14,"T0000255",351,0.0398860398860399,"SD","Fpupiso"
"1524","downward ramp",1,"T0000255",351,0.00284900284900285,"SD","Fpupiso"
"1525","step up",3,"T0000255",351,0.00854700854700855,"SD","Fpupiso"
"1526","step down",35,"T0000255",351,0.0997150997150997,"SD","Fpupiso"
"1527","multi-step",5,"T0000255",351,0.0142450142450142,"SD","Fpupiso"
"1528","multi-step-s",0,"T0000255",351,0,"SD","Fpupiso"
"1529","trill",0,"T0000255",351,0,"SD","Fpupiso"
"1530","trill-c",0,"T0000255",351,0,"SD","Fpupiso"
"1531","trill-f",0,"T0000255",351,0,"SD","Fpupiso"
"1532","inverted-U",0,"T0000255",351,0,"SD","Fpupiso"
"1533","unclear",0,"T0000255",351,0,"SD","Fpupiso"
"1534","flat",570,"T0000256",762,0.748031496062992,"SD","Mpupiso"
"1535","flat-z",68,"T0000256",762,0.089238845144357,"SD","Mpupiso"
"1536","flat-mz",79,"T0000256",762,0.103674540682415,"SD","Mpupiso"
"1537","short",29,"T0000256",762,0.0380577427821522,"SD","Mpupiso"
"1538","short-su",0,"T0000256",762,0,"SD","Mpupiso"
"1539","short-sd",0,"T0000256",762,0,"SD","Mpupiso"
"1540","short-ur",0,"T0000256",762,0,"SD","Mpupiso"
"1541","short-dr",5,"T0000256",762,0.00656167979002625,"SD","Mpupiso"
"1542","short-c",0,"T0000256",762,0,"SD","Mpupiso"
"1543","complex",5,"T0000256",762,0.00656167979002625,"SD","Mpupiso"
"1544","upward ramp",1,"T0000256",762,0.00131233595800525,"SD","Mpupiso"
"1545","downward ramp",0,"T0000256",762,0,"SD","Mpupiso"
"1546","step up",0,"T0000256",762,0,"SD","Mpupiso"
"1547","step down",5,"T0000256",762,0.00656167979002625,"SD","Mpupiso"
"1548","multi-step",0,"T0000256",762,0,"SD","Mpupiso"
"1549","multi-step-s",0,"T0000256",762,0,"SD","Mpupiso"
"1550","trill",0,"T0000256",762,0,"SD","Mpupiso"
"1551","trill-c",0,"T0000256",762,0,"SD","Mpupiso"
"1552","trill-f",0,"T0000256",762,0,"SD","Mpupiso"
"1553","inverted-U",0,"T0000256",762,0,"SD","Mpupiso"
"1554","unclear",0,"T0000256",762,0,"SD","Mpupiso"
"1555","flat",257,"T0000260",435,0.590804597701149,"SD","MA"
"1556","flat-z",1,"T0000260",435,0.00229885057471264,"SD","MA"
"1557","flat-mz",4,"T0000260",435,0.00919540229885057,"SD","MA"
"1558","short",92,"T0000260",435,0.211494252873563,"SD","MA"
"1559","short-su",0,"T0000260",435,0,"SD","MA"
"1560","short-sd",0,"T0000260",435,0,"SD","MA"
"1561","short-ur",8,"T0000260",435,0.0183908045977011,"SD","MA"
"1562","short-dr",4,"T0000260",435,0.00919540229885057,"SD","MA"
"1563","short-c",11,"T0000260",435,0.0252873563218391,"SD","MA"
"1564","complex",0,"T0000260",435,0,"SD","MA"
"1565","upward ramp",10,"T0000260",435,0.0229885057471264,"SD","MA"
"1566","downward ramp",0,"T0000260",435,0,"SD","MA"
"1567","step up",7,"T0000260",435,0.0160919540229885,"SD","MA"
"1568","step down",33,"T0000260",435,0.0758620689655172,"SD","MA"
"1569","multi-step",5,"T0000260",435,0.0114942528735632,"SD","MA"
"1570","multi-step-s",3,"T0000260",435,0.00689655172413793,"SD","MA"
"1571","trill",0,"T0000260",435,0,"SD","MA"
"1572","trill-c",0,"T0000260",435,0,"SD","MA"
"1573","trill-f",0,"T0000260",435,0,"SD","MA"
"1574","inverted-U",0,"T0000260",435,0,"SD","MA"
"1575","unclear",0,"T0000260",435,0,"SD","MA"
"1576","flat",9,"T0000302",41,0.219512195121951,"WK","PupsSep"
"1577","flat-z",3,"T0000302",41,0.0731707317073171,"WK","PupsSep"
"1578","flat-mz",1,"T0000302",41,0.024390243902439,"WK","PupsSep"
"1579","short",17,"T0000302",41,0.414634146341463,"WK","PupsSep"
"1580","short-su",0,"T0000302",41,0,"WK","PupsSep"
"1581","short-sd",0,"T0000302",41,0,"WK","PupsSep"
"1582","short-ur",0,"T0000302",41,0,"WK","PupsSep"
"1583","short-dr",0,"T0000302",41,0,"WK","PupsSep"
"1584","short-c",0,"T0000302",41,0,"WK","PupsSep"
"1585","complex",0,"T0000302",41,0,"WK","PupsSep"
"1586","upward ramp",0,"T0000302",41,0,"WK","PupsSep"
"1587","downward ramp",0,"T0000302",41,0,"WK","PupsSep"
"1588","step up",0,"T0000302",41,0,"WK","PupsSep"
"1589","step down",0,"T0000302",41,0,"WK","PupsSep"
"1590","multi-step",0,"T0000302",41,0,"WK","PupsSep"
"1591","multi-step-s",0,"T0000302",41,0,"WK","PupsSep"
"1592","trill",1,"T0000302",41,0.024390243902439,"WK","PupsSep"
"1593","trill-c",5,"T0000302",41,0.121951219512195,"WK","PupsSep"
"1594","trill-f",2,"T0000302",41,0.0487804878048781,"WK","PupsSep"
"1595","inverted-U",0,"T0000302",41,0,"WK","PupsSep"
"1596","unclear",3,"T0000302",41,0.0731707317073171,"WK","PupsSep"
"1597","flat",77,"T0000303",427,0.180327868852459,"WK","MBT"
"1598","flat-z",6,"T0000303",427,0.0140515222482436,"WK","MBT"
"1599","flat-mz",2,"T0000303",427,0.00468384074941452,"WK","MBT"
"1600","short",117,"T0000303",427,0.274004683840749,"WK","MBT"
"1601","short-su",4,"T0000303",427,0.00936768149882904,"WK","MBT"
"1602","short-sd",0,"T0000303",427,0,"WK","MBT"
"1603","short-ur",36,"T0000303",427,0.0843091334894614,"WK","MBT"
"1604","short-dr",2,"T0000303",427,0.00468384074941452,"WK","MBT"
"1605","short-c",40,"T0000303",427,0.0936768149882904,"WK","MBT"
"1606","complex",16,"T0000303",427,0.0374707259953162,"WK","MBT"
"1607","upward ramp",2,"T0000303",427,0.00468384074941452,"WK","MBT"
"1608","downward ramp",0,"T0000303",427,0,"WK","MBT"
"1609","step up",16,"T0000303",427,0.0374707259953162,"WK","MBT"
"1610","step down",4,"T0000303",427,0.00936768149882904,"WK","MBT"
"1611","multi-step",1,"T0000303",427,0.00234192037470726,"WK","MBT"
"1612","multi-step-s",0,"T0000303",427,0,"WK","MBT"
"1613","trill",60,"T0000303",427,0.140515222482436,"WK","MBT"
"1614","trill-c",38,"T0000303",427,0.0889929742388759,"WK","MBT"
"1615","trill-f",0,"T0000303",427,0,"WK","MBT"
"1616","inverted-U",0,"T0000303",427,0,"WK","MBT"
"1617","unclear",6,"T0000303",427,0.0140515222482436,"WK","MBT"
"1618","flat",0,"T0000304",19,0,"WK","Mpupiso"
"1619","flat-z",0,"T0000304",19,0,"WK","Mpupiso"
"1620","flat-mz",0,"T0000304",19,0,"WK","Mpupiso"
"1621","short",6,"T0000304",19,0.315789473684211,"WK","Mpupiso"
"1622","short-su",0,"T0000304",19,0,"WK","Mpupiso"
"1623","short-sd",1,"T0000304",19,0.0526315789473684,"WK","Mpupiso"
"1624","short-ur",5,"T0000304",19,0.263157894736842,"WK","Mpupiso"
"1625","short-dr",0,"T0000304",19,0,"WK","Mpupiso"
"1626","short-c",7,"T0000304",19,0.368421052631579,"WK","Mpupiso"
"1627","complex",0,"T0000304",19,0,"WK","Mpupiso"
"1628","upward ramp",0,"T0000304",19,0,"WK","Mpupiso"
"1629","downward ramp",0,"T0000304",19,0,"WK","Mpupiso"
"1630","step up",0,"T0000304",19,0,"WK","Mpupiso"
"1631","step down",0,"T0000304",19,0,"WK","Mpupiso"
"1632","multi-step",0,"T0000304",19,0,"WK","Mpupiso"
"1633","multi-step-s",0,"T0000304",19,0,"WK","Mpupiso"
"1634","trill",0,"T0000304",19,0,"WK","Mpupiso"
"1635","trill-c",0,"T0000304",19,0,"WK","Mpupiso"
"1636","trill-f",0,"T0000304",19,0,"WK","Mpupiso"
"1637","inverted-U",0,"T0000304",19,0,"WK","Mpupiso"
"1638","unclear",0,"T0000304",19,0,"WK","Mpupiso"
"1639","flat",10,"T0000308",226,0.0442477876106195,"SD","MA"
"1640","flat-z",1,"T0000308",226,0.00442477876106195,"SD","MA"
"1641","flat-mz",1,"T0000308",226,0.00442477876106195,"SD","MA"
"1642","short",101,"T0000308",226,0.446902654867257,"SD","MA"
"1643","short-su",0,"T0000308",226,0,"SD","MA"
"1644","short-sd",0,"T0000308",226,0,"SD","MA"
"1645","short-ur",76,"T0000308",226,0.336283185840708,"SD","MA"
"1646","short-dr",3,"T0000308",226,0.0132743362831858,"SD","MA"
"1647","short-c",18,"T0000308",226,0.079646017699115,"SD","MA"
"1648","complex",5,"T0000308",226,0.0221238938053097,"SD","MA"
"1649","upward ramp",7,"T0000308",226,0.0309734513274336,"SD","MA"
"1650","downward ramp",0,"T0000308",226,0,"SD","MA"
"1651","step up",4,"T0000308",226,0.0176991150442478,"SD","MA"
"1652","step down",0,"T0000308",226,0,"SD","MA"
"1653","multi-step",0,"T0000308",226,0,"SD","MA"
"1654","multi-step-s",0,"T0000308",226,0,"SD","MA"
"1655","trill",0,"T0000308",226,0,"SD","MA"
"1656","trill-c",0,"T0000308",226,0,"SD","MA"
"1657","trill-f",0,"T0000308",226,0,"SD","MA"
"1658","inverted-U",0,"T0000308",226,0,"SD","MA"
"1659","unclear",0,"T0000308",226,0,"SD","MA"
