"","unique.id","file.name","label","duration","strain"
"1",1,"T0000088","flatonic",0.0808,"SD"
"2",2,"T0000088","flatonic",0.0803,"SD"
"3",3,"T0000088","flatonicx",0.0885,"SD"
"4",4,"T0000088","flat-z",0.0947,"SD"
"5",5,"T0000088","flat-z",0.0901,"SD"
"6",6,"T0000088","flatonicx",0.0844,"SD"
"7",7,"T0000088","flatonic",0.089,"SD"
"8",8,"T0000088","flatonic",0.0849,"SD"
"9",9,"T0000088","flatonicx",0.0896,"SD"
"10",10,"T0000088","flat-z",0.0875,"SD"
"11",11,"T0000088","flatonic",0.0829,"SD"
"12",12,"T0000088","flatonicx",0.0721,"SD"
"13",13,"T0000088","flatonicx",0.1131,"SD"
"14",14,"T0000088","flat-z",0.1029,"SD"
"15",15,"T0000088","flatonicx",0.0768,"SD"
"16",16,"T0000088","flatonicx",0.0757,"SD"
"17",17,"T0000088","flat",0.0568,"SD"
"18",18,"T0000088","flat-mz",0.0737,"SD"
"19",19,"T0000088","flat-z",0.0568,"SD"
"20",20,"T0000088","flat-mz",0.087,"SD"
"21",21,"T0000088","flat-mz",0.1249,"SD"
"22",22,"T0000088","flatonicx",0.1157,"SD"
"23",23,"T0000088","flatonicx",0.1274,"SD"
"24",24,"T0000088","flatonicx",0.1177,"SD"
"25",25,"T0000088","flatonicx",0.11,"SD"
"26",26,"T0000088","flatonicx",0.1198,"SD"
"27",27,"T0000088","flat-z",0.1018,"SD"
"28",28,"T0000088","flatonic",0.1003,"SD"
"29",29,"T0000088","flatonic",0.0829,"SD"
"30",30,"T0000088","flat-mz",0.0931,"SD"
"31",31,"T0000088","flatonicx",0.0916,"SD"
"32",32,"T0000088","flatonic",0.1064,"SD"
"33",33,"T0000088","flatonic",0.1182,"SD"
"34",34,"T0000088","flatonic",0.1105,"SD"
"35",35,"T0000088","flatonicx",0.0983,"SD"
"36",36,"T0000088","flat",0.0128,"SD"
"37",37,"T0000088","flat-z",0.0752,"SD"
"38",38,"T0000088","flat-z",0.0901,"SD"
"39",39,"T0000088","flatonicx",0.0967,"SD"
"40",40,"T0000088","flat-z",0.0865,"SD"
"41",41,"T0000088","flatonicx",0.0793,"SD"
"42",42,"T0000088","flat-z",0.0957,"SD"
"43",43,"T0000088","flatonicx",0.1274,"SD"
"44",44,"T0000088","flatonicx",0.128,"SD"
"45",45,"T0000088","flatonicx",0.109,"SD"
"46",46,"T0000088","flatonicx",0.1105,"SD"
"47",47,"T0000088","flatonicx",0.1105,"SD"
"48",48,"T0000088","flat-z",0.1039,"SD"
"49",49,"T0000088","flat-z",0.0921,"SD"
"50",50,"T0000088","flat-z",0.089,"SD"
"51",51,"T0000088","flat-z",0.0865,"SD"
"52",52,"T0000088","flat-z",0.0936,"SD"
"53",53,"T0000088","flatonicx",0.0476,"SD"
"54",54,"T0000088","flat",0.0752,"SD"
"55",55,"T0000088","flat",0.1228,"SD"
"56",56,"T0000088","flatonicx",0.1228,"SD"
"57",57,"T0000088","flat",0.1254,"SD"
"58",58,"T0000088","flat-mz",0.1295,"SD"
"59",59,"T0000088","flatonicx",0.1274,"SD"
"60",60,"T0000088","flatonicx",0.1351,"SD"
"61",61,"T0000088","flatonicx",0.1269,"SD"
"62",62,"T0000088","flatonicx",0.1003,"SD"
"63",63,"T0000088","flatonicx",0.0865,"SD"
"64",64,"T0000088","flat-z",0.1699,"SD"
"65",65,"T0000088","flatonicx",0.1331,"SD"
"66",66,"T0000088","flatonicx",0.1372,"SD"
"67",67,"T0000088","flatonicx",0.109,"SD"
"68",68,"T0000088","flat",0.0819,"SD"
"69",69,"T0000088","flat-z",0.1464,"SD"
"70",70,"T0000088","flat",0.1346,"SD"
"71",71,"T0000088","flat-z",0.1162,"SD"
"72",72,"T0000088","flatonicx",0.1433,"SD"
"73",73,"T0000088","flatonicx",0.1121,"SD"
"74",74,"T0000088","flatonicx",0.087,"SD"
"75",75,"T0000088","flat",0.0547,"SD"
"76",76,"T0000088","flat-z",0.0819,"SD"
"77",77,"T0000088","flat",0.0783,"SD"
"78",78,"T0000088","flat",0.0896,"SD"
"79",79,"T0000088","flatonicx",0.1192,"SD"
"80",80,"T0000088","flat-z",0.1233,"SD"
"81",81,"T0000088","flatonicx",0.1254,"SD"
"82",82,"T0000088","flat-z",0.1372,"SD"
"83",83,"T0000088","flatonicx",0.1305,"SD"
"84",84,"T0000088","flatonicx",0.0972,"SD"
"85",85,"T0000088","flatonicx",0.0762,"SD"
"86",86,"T0000088","flat",0.0445,"SD"
"87",87,"T0000088","flatonicx",0.0686,"SD"
"88",88,"T0000088","flat",0.1377,"SD"
"89",89,"T0000088","flatonicx",0.1387,"SD"
"90",90,"T0000088","flatonicx",0.1387,"SD"
"91",91,"T0000088","flat",0.131,"SD"
"92",92,"T0000088","flatonicx",0.0962,"SD"
"93",93,"T0000088","flat",0.0947,"SD"
"94",94,"T0000088","flatonicx",0.0921,"SD"
"95",95,"T0000088","flat",0.0471,"SD"
"96",96,"T0000088","flat",0.0312,"SD"
"97",97,"T0000088","flat",0.128,"SD"
"98",98,"T0000088","flat",0.1131,"SD"
"99",99,"T0000088","flat",0.1172,"SD"
"100",100,"T0000088","flat",0.1013,"SD"
"101",101,"T0000088","flat",0.0532,"SD"
"102",102,"T0000088","flat-z",0.0389,"SD"
"103",103,"T0000088","flat",0.2007,"SD"
"104",104,"T0000088","flat",0.065,"SD"
"105",105,"T0000088","flat",0.0552,"SD"
"106",106,"T0000088","flat",0.128,"SD"
"107",107,"T0000088","flat",0.1623,"SD"
"108",108,"T0000088","flatonicx",0.1208,"SD"
"109",109,"T0000088","flat",0.13,"SD"
"110",110,"T0000088","flat",0.0855,"SD"
"111",111,"T0000088","flat",0.0716,"SD"
"112",112,"T0000088","flatonicx",0.045,"SD"
"113",113,"T0000088","flat",0.0824,"SD"
"114",114,"T0000088","flat",0.1172,"SD"
"115",115,"T0000088","flat",0.1986,"SD"
"116",116,"T0000088","flat",0.1295,"SD"
"117",117,"T0000088","flat-z",0.1075,"SD"
"118",118,"T0000088","flat",0.0573,"SD"
"119",119,"T0000088","flat-mz",0.2206,"SD"
"120",120,"T0000088","flat-z",0.1162,"SD"
"121",121,"T0000088","flat",0.0921,"SD"
"122",122,"T0000088","flat",0.0337,"SD"
"123",123,"T0000088","flat",0.0363,"SD"
"124",124,"T0000088","flat",0.1331,"SD"
"125",125,"T0000088","flat",0.152,"SD"
"126",126,"T0000088","flat",0.0486,"SD"
"127",127,"T0000088","flatonicx",0.0706,"SD"
"128",128,"T0000088","flatonicx",0.0947,"SD"
"129",129,"T0000088","flat-z",0.0665,"SD"
"130",130,"T0000088","flat-z",0.0752,"SD"
"131",131,"T0000088","flat-z",0.0839,"SD"
"132",132,"T0000088","flat-mz",0.0727,"SD"
"133",133,"T0000088","flat-z",0.0512,"SD"
"134",134,"T0000088","flat",0.0414,"SD"
"135",135,"T0000088","flat-z",0.0281,"SD"
"136",136,"T0000088","flat",0.0317,"SD"
"137",137,"T0000088","flatonicx",0.066,"SD"
"138",138,"T0000088","flat",0.0133,"SD"
"139",139,"T0000088","flat",0.0317,"SD"
"140",140,"T0000088","flat",0.108,"SD"
"141",141,"T0000088","flat",0.11,"SD"
"142",142,"T0000093","flat-z",0.0583,"WK"
"143",143,"T0000093","flatonicx",0.0296,"WK"
"144",144,"T0000093","flat-z",0.0691,"WK"
"145",145,"T0000093","flat-z",0.0527,"WK"
"146",146,"T0000093","flat",0.0353,"WK"
"147",147,"T0000093","short",0.0081,"WK"
"148",148,"T0000093","flatonicx",0.0471,"WK"
"149",149,"T0000093","short",0.0046,"WK"
"150",150,"T0000093","short-c",0.0056,"WK"
"151",151,"T0000093","flat",0.0261,"WK"
"152",152,"T0000093","short",0.0061,"WK"
"153",153,"T0000093","short-c",0.0046,"WK"
"154",154,"T0000093","short-c",0.004,"WK"
"155",155,"T0000093","flat",0.0128,"WK"
"156",156,"T0000093","short",0.003,"WK"
"157",157,"T0000093","flat-z",0.0256,"WK"
"158",158,"T0000093","short",0.0087,"WK"
"159",159,"T0000093","flat",0.0609,"WK"
"160",160,"T0000093","flat",0.0179,"WK"
"161",161,"T0000093","flat-z",0.0896,"WK"
"162",162,"T0000093","flat",0.0128,"WK"
"163",163,"T0000093","short",0.0087,"WK"
"164",164,"T0000093","downward ramp",0.0465,"WK"
"165",165,"T0000093","flat",0.0778,"WK"
"166",166,"T0000093","flatonic",0.0716,"WK"
"167",167,"T0000093","flat-z",0.1664,"WK"
"168",168,"T0000093","flatonicx",0.0931,"WK"
"169",169,"T0000093","flatonicx",0.1198,"WK"
"170",170,"T0000093","short",0.0015,"WK"
"171",171,"T0000093","flatonicx",0.0993,"WK"
"172",172,"T0000093","short",0.0051,"WK"
"173",173,"T0000093","short-c",0.0035,"WK"
"174",174,"T0000093","short",0.0128,"WK"
"175",175,"T0000093","short-ur",0.0102,"WK"
"176",176,"T0000093","short-c",0.0107,"WK"
"177",177,"T0000093","short",0.0076,"WK"
"178",178,"T0000093","short",0.004,"WK"
"179",179,"T0000093","step up",0.0445,"WK"
"180",180,"T0000093","short-c",0.0051,"WK"
"181",181,"T0000093","short",0.003,"WK"
"182",182,"T0000093","short",0.0087,"WK"
"183",183,"T0000093","short",0.0076,"WK"
"184",184,"T0000093","flat",0.0348,"WK"
"185",185,"T0000093","flatonic",0.0322,"WK"
"186",186,"T0000093","short",0.003,"WK"
"187",187,"T0000093","flat-mz",0.0373,"WK"
"188",188,"T0000093","flatonicx",0.0593,"WK"
"189",189,"T0000093","flat",0.0389,"WK"
"190",190,"T0000093","flatonicx",0.0506,"WK"
"191",191,"T0000093","inverted-u",0.0138,"WK"
"192",192,"T0000093","short-ur",0.004,"WK"
"193",193,"T0000093","short",0.0025,"WK"
"194",194,"T0000093","short-c",0.0097,"WK"
"195",195,"T0000093","flat",0.0256,"WK"
"196",196,"T0000093","short-c",0.0051,"WK"
"197",197,"T0000093","flat",0.0209,"WK"
"198",198,"T0000093","short-c",0.0056,"WK"
"199",199,"T0000093","short",0.0025,"WK"
"200",200,"T0000093","flat",0.0184,"WK"
"201",201,"T0000093","flatonicx",0.0885,"WK"
"202",202,"T0000093","short",0.0035,"WK"
"203",203,"T0000093","short",0.0112,"WK"
"204",204,"T0000093","short-c",0.0071,"WK"
"205",205,"T0000093","flat-mz",0.089,"WK"
"206",206,"T0000093","flatonic",0.025,"WK"
"207",207,"T0000093","flat-mz",0.1167,"WK"
"208",208,"T0000093","flat",0.0604,"WK"
"209",209,"T0000093","flat",0.0179,"WK"
"210",210,"T0000093","flat",0.0128,"WK"
"211",211,"T0000093","flat",0.0624,"WK"
"212",212,"T0000093","flat",0.046,"WK"
"213",213,"T0000093","flat",0.0645,"WK"
"214",214,"T0000093","flat",0.046,"WK"
"215",215,"T0000093","flat-z",0.0547,"WK"
"216",216,"T0000093","flat",0.0808,"WK"
"217",217,"T0000093","flat-z",0.0532,"WK"
"218",218,"T0000093","flat",0.0302,"WK"
"219",219,"T0000093","flat",0.0337,"WK"
"220",220,"T0000093","flat",0.0189,"WK"
"221",221,"T0000093","flat",0.064,"WK"
"222",222,"T0000093","flat",0.0399,"WK"
"223",223,"T0000093","flat",0.0199,"WK"
"224",224,"T0000098","flatonic",0.1418,"WK"
"225",225,"T0000098","flatonic",0.1536,"WK"
"226",226,"T0000098","flatonic",0.131,"WK"
"227",227,"T0000098","flatonic",0.1556,"WK"
"228",228,"T0000098","flatonic",0.1167,"WK"
"229",229,"T0000098","flatonic",0.1387,"WK"
"230",230,"T0000098","flatonic",0.0916,"WK"
"231",231,"T0000098","flatonic",0.1377,"WK"
"232",232,"T0000098","flat-mz",0.0655,"WK"
"233",233,"T0000098","flat-z",0.0496,"WK"
"234",234,"T0000098","flatonic",0.088,"WK"
"235",235,"T0000098","flatonic",0.0532,"WK"
"236",236,"T0000098","flatonic",0.0547,"WK"
"237",237,"T0000098","short",0.0025,"WK"
"238",238,"T0000098","flatonic",0.0619,"WK"
"239",239,"T0000098","flatonic",0.065,"WK"
"240",240,"T0000098","flatonicx",0.0312,"WK"
"241",241,"T0000098","flatonic",0.0506,"WK"
"242",242,"T0000098","flatonic",0.0588,"WK"
"243",243,"T0000098","flatonic",0.0721,"WK"
"244",244,"T0000098","flatonic",0.1254,"WK"
"245",245,"T0000098","flat-mz",0.1356,"WK"
"246",246,"T0000098","flatonic",0.0983,"WK"
"247",247,"T0000098","flat-mz",0.1121,"WK"
"248",248,"T0000098","flatonicx",0.0808,"WK"
"249",249,"T0000098","flat-z",0.1167,"WK"
"250",250,"T0000098","flatonic",0.0629,"WK"
"251",251,"T0000098","flat-z",0.0686,"WK"
"252",252,"T0000098","flat-z",0.0916,"WK"
"253",253,"T0000098","flat-z",0.0517,"WK"
"254",254,"T0000098","flat-z",0.0742,"WK"
"255",255,"T0000098","flat-z",0.0814,"WK"
"256",256,"T0000098","flatonic",0.0742,"WK"
"257",257,"T0000098","flat-z",0.0906,"WK"
"258",258,"T0000098","flat-mz",0.1464,"WK"
"259",259,"T0000098","flat-z",0.1064,"WK"
"260",260,"T0000098","flatonic",0.0737,"WK"
"261",261,"T0000098","flatonic",0.0424,"WK"
"262",262,"T0000098","flatonic",0.0706,"WK"
"263",263,"T0000098","flatonic",0.0732,"WK"
"264",264,"T0000098","flatonic",0.0547,"WK"
"265",265,"T0000098","flatonic",0.0691,"WK"
"266",266,"T0000098","flat-mz",0.0476,"WK"
"267",267,"T0000098","flatonic",0.0645,"WK"
"268",268,"T0000098","flatonic",0.1597,"WK"
"269",269,"T0000098","complexonic",0.1177,"WK"
"270",270,"T0000098","flat-mz",0.1807,"WK"
"271",271,"T0000098","flat-mz",0.0962,"WK"
"272",272,"T0000098","flat-z",0.1259,"WK"
"273",273,"T0000098","flat-z",0.1095,"WK"
"274",274,"T0000098","flatonic",0.1356,"WK"
"275",275,"T0000098","flatonic",0.1351,"WK"
"276",276,"T0000098","flatonic",0.1177,"WK"
"277",277,"T0000098","flat-mz",0.1474,"WK"
"278",278,"T0000098","flat-z",0.1305,"WK"
"279",279,"T0000098","flat-mz",0.1479,"WK"
"280",280,"T0000098","flat-z",0.1469,"WK"
"281",281,"T0000098","flat-z",0.1105,"WK"
"282",282,"T0000098","flat-z",0.0983,"WK"
"283",283,"T0000098","flat-z",0.0435,"WK"
"284",284,"T0000098","flat",0.0691,"WK"
"285",285,"T0000098","flat-z",0.087,"WK"
"286",286,"T0000098","flatonic",0.0609,"WK"
"287",287,"T0000098","flat-z",0.0691,"WK"
"288",288,"T0000098","flat-z",0.1223,"WK"
"289",289,"T0000098","flat-z",0.0773,"WK"
"290",290,"T0000098","flat-z",0.1392,"WK"
"291",291,"T0000098","flat-z",0.1495,"WK"
"292",292,"T0000098","flat-z",0.1587,"WK"
"293",293,"T0000098","flat-z",0.15,"WK"
"294",294,"T0000098","flat-mz",0.1566,"WK"
"295",295,"T0000098","flatonicx",0.1735,"WK"
"296",296,"T0000098","flat-z",0.1443,"WK"
"297",297,"T0000098","flatonic",0.1505,"WK"
"298",298,"T0000098","flat-z",0.0778,"WK"
"299",299,"T0000098","flatonic",0.1244,"WK"
"300",300,"T0000098","flat-z",0.0563,"WK"
"301",301,"T0000098","flat-z",0.1034,"WK"
"302",302,"T0000098","flat-z",0.131,"WK"
"303",303,"T0000098","flat-mz",0.0911,"WK"
"304",304,"T0000098","flatonic",0.1003,"WK"
"305",305,"T0000098","flat-z",0.0803,"WK"
"306",306,"T0000098","flat-z",0.0768,"WK"
"307",307,"T0000098","flat-z",0.0696,"WK"
"308",308,"T0000098","flat-z",0.0942,"WK"
"309",309,"T0000098","short",0.0097,"WK"
"310",310,"T0000098","flat-mz",0.1141,"WK"
"311",311,"T0000098","flat-z",0.0686,"WK"
"312",312,"T0000098","flat-z",0.0906,"WK"
"313",313,"T0000098","flat-z",0.0972,"WK"
"314",314,"T0000098","inverted-u",0.0148,"WK"
"315",315,"T0000098","flat-z",0.088,"WK"
"316",316,"T0000098","flat-z",0.1367,"WK"
"317",317,"T0000098","flat",0.0445,"WK"
"318",318,"T0000098","flat-z",0.0901,"WK"
"319",319,"T0000098","flat-z",0.0875,"WK"
"320",320,"T0000098","flat-z",0.0778,"WK"
"321",321,"T0000098","flat-z",0.0614,"WK"
"322",322,"T0000098","flat",0.0552,"WK"
"323",323,"T0000098","flat-mz",0.0803,"WK"
"324",324,"T0000098","short",0.002,"WK"
"325",325,"T0000098","short",0.0117,"WK"
"326",326,"T0000098","flat-z",0.0793,"WK"
"327",327,"T0000098","flat-z",0.0752,"WK"
"328",328,"T0000098","flat-z",0.0834,"WK"
"329",329,"T0000098","flat-z",0.1116,"WK"
"330",330,"T0000098","flat",0.0256,"WK"
"331",331,"T0000098","short",0.0097,"WK"
"332",332,"T0000098","flat",0.0445,"WK"
"333",333,"T0000098","flat-z",0.0814,"WK"
"334",334,"T0000098","flat-z",0.0896,"WK"
"335",335,"T0000098","flat-mz",0.066,"WK"
"336",336,"T0000098","flat-z",0.1274,"WK"
"337",337,"T0000098","flat-z",0.0558,"WK"
"338",338,"T0000098","flat-z",0.0563,"WK"
"339",339,"T0000098","flat-z",0.0788,"WK"
"340",340,"T0000098","flat-z",0.0583,"WK"
"341",341,"T0000098","flat-z",0.0926,"WK"
"342",342,"T0000098","short",0.0015,"WK"
"343",343,"T0000098","flat-mz",0.0849,"WK"
"344",344,"T0000098","flat",0.0373,"WK"
"345",345,"T0000098","flat-z",0.1269,"WK"
"346",346,"T0000098","flat-z",0.0844,"WK"
"347",347,"T0000098","flat-z",0.0665,"WK"
"348",348,"T0000098","flat",0.0568,"WK"
"349",349,"T0000098","flat",0.0665,"WK"
"350",350,"T0000098","inverted-u",0.0168,"WK"
"351",351,"T0000098","flat",0.1623,"WK"
"352",352,"T0000098","flat",0.3133,"WK"
"353",353,"T0000098","flat",0.259,"WK"
"354",354,"T0000098","flat",0.2094,"WK"
"355",355,"T0000098","flat",0.1628,"WK"
"356",356,"T0000098","flat",0.1049,"WK"
"357",357,"T0000098","flat",0.0481,"WK"
"358",358,"T0000098","flat",0.1623,"WK"
"359",359,"T0000098","flat",0.0773,"WK"
"360",360,"T0000098","flat",0.0732,"WK"
"361",361,"T0000098","flat",0.0839,"WK"
"362",362,"T0000098","flat",0.0189,"WK"
"363",363,"T0000098","short",0.004,"WK"
"364",364,"T0000098","flat",0.0721,"WK"
"365",365,"T0000098","flat",0.022,"WK"
"366",366,"T0000098","flat",0.0496,"WK"
"367",367,"T0000098","flat-mz",0.1136,"WK"
"368",368,"T0000098","flat-mz",0.1464,"WK"
"369",369,"T0000098","flat-mz",0.086,"WK"
"370",370,"T0000098","flat",0.1192,"WK"
"371",371,"T0000098","flat-mz",0.1013,"WK"
"372",372,"T0000098","flat-z",0.0409,"WK"
"373",373,"T0000098","flat",0.0384,"WK"
"374",374,"T0000098","flat-z",0.065,"WK"
"375",375,"T0000098","flat-z",0.0353,"WK"
"376",376,"T0000098","flat",0.0655,"WK"
"377",377,"T0000098","flat-mz",0.1612,"WK"
"378",378,"T0000098","flat",0.0819,"WK"
"379",379,"T0000098","flat-mz",0.1382,"WK"
"380",380,"T0000098","flat",0.107,"WK"
"381",381,"T0000098","flat-mz",0.1223,"WK"
"382",382,"T0000098","flat",0.1576,"WK"
"383",383,"T0000098","flat-z",0.0788,"WK"
"384",384,"T0000098","flat",0.0235,"WK"
"385",385,"T0000098","flat-z",0.0901,"WK"
"386",386,"T0000098","flat-z",0.0235,"WK"
"387",387,"T0000098","flat-z",0.0896,"WK"
"388",388,"T0000098","flat",0.0512,"WK"
"389",389,"T0000098","flat",0.0885,"WK"
"390",390,"T0000098","flat",0.1735,"WK"
"391",391,"T0000098","flat",0.086,"WK"
"392",392,"T0000098","flat",0.1203,"WK"
"393",393,"T0000098","flat",0.1152,"WK"
"394",394,"T0000098","inverted-u",0.0307,"WK"
"395",395,"T0000098","flat",0.044,"WK"
"396",396,"T0000098","flat-mz",0.1699,"WK"
"397",397,"T0000098","complex",0.1075,"WK"
"398",398,"T0000098","flat-mz",0.1474,"WK"
"399",399,"T0000098","flat-mz",0.1064,"WK"
"400",400,"T0000098","flat-z",0.0849,"WK"
"401",401,"T0000098","flat",0.0675,"WK"
"402",402,"T0000098","flat-z",0.0855,"WK"
"403",403,"T0000098","flat",0.0133,"WK"
"404",404,"T0000098","flat",0.0865,"WK"
"405",405,"T0000098","flat",0.023,"WK"
"406",406,"T0000098","flat-z",0.0793,"WK"
"407",407,"T0000098","flat-z",0.0496,"WK"
"408",408,"T0000098","flat-z",0.0701,"WK"
"409",409,"T0000098","short",0.0066,"WK"
"410",410,"T0000098","flat-z",0.0665,"WK"
"411",411,"T0000098","flat-z",0.0634,"WK"
"412",412,"T0000098","short",0.003,"WK"
"413",413,"T0000098","short",5e-04,"WK"
"414",414,"T0000098","flat-z",0.0793,"WK"
"415",415,"T0000098","flat-z",0.0814,"WK"
"416",416,"T0000098","flat-z",0.1203,"WK"
"417",417,"T0000098","flat",0.1643,"WK"
"418",418,"T0000098","flat-z",0.1556,"WK"
"419",419,"T0000098","flat",0.132,"WK"
"420",420,"T0000098","flat",0.0972,"WK"
"421",421,"T0000098","flat-z",0.0957,"WK"
"422",422,"T0000098","flat-mz",0.0896,"WK"
"423",423,"T0000098","flat-z",0.0926,"WK"
"424",424,"T0000098","flat-z",0.0762,"WK"
"425",425,"T0000098","flat-z",0.1008,"WK"
"426",426,"T0000098","flat-mz",0.089,"WK"
"427",427,"T0000098","flat-z",0.0808,"WK"
"428",428,"T0000098","flat",0.023,"WK"
"429",429,"T0000098","flat-z",0.0404,"WK"
"430",430,"T0000098","flat-z",0.0916,"WK"
"431",431,"T0000098","flat-z",0.0788,"WK"
"432",432,"T0000098","flat-z",0.0629,"WK"
"433",433,"T0000098","short",0.0112,"WK"
"434",434,"T0000098","flat-z",0.0808,"WK"
"435",435,"T0000098","flat-z",0.0711,"WK"
"436",436,"T0000098","flat-mz",0.107,"WK"
"437",437,"T0000098","flat-z",0.0993,"WK"
"438",438,"T0000098","flat-z",0.1044,"WK"
"439",439,"T0000098","flat-z",0.1059,"WK"
"440",440,"T0000098","flat-z",0.1039,"WK"
"441",441,"T0000098","flat-z",0.1607,"WK"
"442",442,"T0000098","flat-z",0.0942,"WK"
"443",443,"T0000098","flat-z",0.1162,"WK"
"444",444,"T0000098","flat-z",0.1228,"WK"
"445",445,"T0000098","flat",0.0256,"WK"
"446",446,"T0000098","flat",0.024,"WK"
"447",447,"T0000098","flat-z",0.0706,"WK"
"448",448,"T0000098","flat-z",0.0803,"WK"
"449",449,"T0000098","flat-z",0.0721,"WK"
"450",450,"T0000098","short",0.0046,"WK"
"451",451,"T0000098","flat-z",0.1213,"WK"
"452",452,"T0000098","flat-z",0.1024,"WK"
"453",453,"T0000098","flat-z",0.0936,"WK"
"454",454,"T0000098","flat-z",0.1192,"WK"
"455",455,"T0000098","flat-mz",0.0803,"WK"
"456",456,"T0000098","flat",0.0179,"WK"
"457",457,"T0000098","flat-z",0.0829,"WK"
"458",458,"T0000098","flat-z",0.1239,"WK"
"459",459,"T0000098","flat-z",0.1054,"WK"
"460",460,"T0000098","flat-z",0.1008,"WK"
"461",461,"T0000098","short",0.0035,"WK"
"462",462,"T0000098","flat-z",0.0849,"WK"
"463",463,"T0000098","flat-z",0.1658,"WK"
"464",464,"T0000098","flat-z",0.1725,"WK"
"465",465,"T0000098","flat-z",0.1674,"WK"
"466",466,"T0000098","flat-z",0.1566,"WK"
"467",467,"T0000098","flat-mz",0.1597,"WK"
"468",468,"T0000098","flat-mz",0.1213,"WK"
"469",469,"T0000098","flat-z",0.1326,"WK"
"470",470,"T0000098","flat",0.0568,"WK"
"471",471,"T0000098","flat-z",0.0808,"WK"
"472",472,"T0000098","short",0.004,"WK"
"473",473,"T0000098","flat",0.0337,"WK"
"474",474,"T0000098","flat",0.1141,"WK"
"475",475,"T0000098","flat",0.0701,"WK"
"476",476,"T0000098","flat-mz",0.0808,"WK"
"477",477,"T0000098","flat",0.0527,"WK"
"478",478,"T0000098","flat",0.0604,"WK"
"479",479,"T0000098","flat-mz",0.0675,"WK"
"480",480,"T0000098","flat",0.0133,"WK"
"481",481,"T0000098","flat-z",0.1218,"WK"
"482",482,"T0000098","flat",0.0327,"WK"
"483",483,"T0000098","flat-z",0.1152,"WK"
"484",484,"T0000098","flat-z",0.0593,"WK"
"485",485,"T0000098","flat-z",0.1131,"WK"
"486",486,"T0000098","flat-mz",0.1131,"WK"
"487",487,"T0000098","flat",0.0855,"WK"
"488",488,"T0000098","flat-z",0.0727,"WK"
"489",489,"T0000098","flat-z",0.0916,"WK"
"490",490,"T0000098","flat-z",0.1474,"WK"
"491",491,"T0000098","flat-z",0.0506,"WK"
"492",492,"T0000098","flat-z",0.1121,"WK"
"493",493,"T0000098","flat",0.0808,"WK"
"494",494,"T0000098","flat-z",0.1003,"WK"
"495",495,"T0000098","flat-mz",0.0983,"WK"
"496",496,"T0000098","flat-z",0.0829,"WK"
"497",497,"T0000098","flat",0.0634,"WK"
"498",498,"T0000098","flat",0.0808,"WK"
"499",499,"T0000098","flat",0.0552,"WK"
"500",500,"T0000098","flat",0.0773,"WK"
"501",501,"T0000098","flat",0.2513,"WK"
"502",502,"T0000098","short",0.0061,"WK"
"503",503,"T0000098","complex",0.2329,"WK"
"504",504,"T0000098","flat",0.2396,"WK"
"505",505,"T0000098","flat",0.1832,"WK"
"506",506,"T0000098","flat",0.044,"WK"
"507",507,"T0000098","flat",0.1044,"WK"
"508",508,"T0000098","flat",0.0276,"WK"
"509",509,"T0000098","flat",0.1448,"WK"
"510",510,"T0000098","short",0.0112,"WK"
"511",511,"T0000098","flat",0.2647,"WK"
"512",512,"T0000098","flat",0.194,"WK"
"513",513,"T0000098","flat",0.1674,"WK"
"514",514,"T0000098","flat",0.1346,"WK"
"515",515,"T0000098","flat",0.0834,"WK"
"516",516,"T0000098","complex",0.1587,"WK"
"517",517,"T0000098","flat",0.1694,"WK"
"518",518,"T0000098","flat",0.0706,"WK"
"519",519,"T0000098","flat",0.0563,"WK"
"520",520,"T0000098","flat",0.0471,"WK"
"521",521,"T0000098","flat",0.0675,"WK"
"522",522,"T0000098","flat",0.1448,"WK"
"523",523,"T0000098","flat",0.2278,"WK"
"524",524,"T0000098","flat",0.0931,"WK"
"525",525,"T0000098","short",0.0107,"WK"
"526",526,"T0000098","flat",0.0532,"WK"
"527",527,"T0000098","flat",0.1704,"WK"
"528",528,"T0000098","flat",0.0865,"WK"
"529",529,"T0000098","flat",0.0916,"WK"
"530",530,"T0000098","flat",0.0368,"WK"
"531",531,"T0000098","flat",0.0773,"WK"
"532",532,"T0000098","flat",0.1003,"WK"
"533",533,"T0000098","flat",0.1413,"WK"
"534",534,"T0000098","flat",0.1827,"WK"
"535",535,"T0000098","flat",0.1566,"WK"
"536",536,"T0000098","flat",0.0133,"WK"
"537",537,"T0000098","flat",0.1177,"WK"
"538",538,"T0000098","flat",0.0527,"WK"
"539",539,"T0000098","flat",0.0373,"WK"
"540",540,"T0000098","flat",0.0343,"WK"
"541",541,"T0000098","flat",0.1121,"WK"
"542",542,"T0000098","flat",0.0793,"WK"
"543",543,"T0000098","flat",0.1966,"WK"
"544",544,"T0000098","flat",0.1935,"WK"
"545",545,"T0000098","flat",0.15,"WK"
"546",546,"T0000098","flat",0.1955,"WK"
"547",547,"T0000098","flat",0.151,"WK"
"548",548,"T0000098","flat",0.0732,"WK"
"549",549,"T0000098","flat",0.0629,"WK"
"550",550,"T0000098","flat",0.0896,"WK"
"551",551,"T0000098","flat",0.0901,"WK"
"552",552,"T0000098","flat",0.1351,"WK"
"553",553,"T0000098","flat",0.0261,"WK"
"554",554,"T0000098","flat",0.107,"WK"
"555",555,"T0000098","flat",0.0414,"WK"
"556",556,"T0000098","flat",0.0476,"WK"
"557",557,"T0000098","flat",0.1013,"WK"
"558",558,"T0000098","flat",0.064,"WK"
"559",559,"T0000098","flat",0.0558,"WK"
"560",560,"T0000098","short-dr",0.0071,"WK"
"561",561,"T0000098","flat",0.0245,"WK"
"562",562,"T0000098","flat",0.0307,"WK"
"563",563,"T0000098","flat",0.0819,"WK"
"564",564,"T0000098","short",0.0061,"WK"
"565",565,"T0000098","flat",0.0276,"WK"
"566",566,"T0000098","flat",0.1566,"WK"
"567",567,"T0000098","flat",0.0962,"WK"
"568",568,"T0000098","flat",0.0737,"WK"
"569",569,"T0000098","flat",0.0337,"WK"
"570",570,"T0000098","flat",0.0542,"WK"
"571",571,"T0000098","flat",0.0512,"WK"
"572",572,"T0000098","flat",0.0471,"WK"
"573",573,"T0000098","flat",0.1966,"WK"
"574",574,"T0000098","flat",0.1167,"WK"
"575",575,"T0000098","flat",0.1085,"WK"
"576",576,"T0000098","flat",0.152,"WK"
"577",577,"T0000098","flat",0.0609,"WK"
"578",578,"T0000098","flat",0.0506,"WK"
"579",579,"T0000098","flat",0.0424,"WK"
"580",580,"T0000098","flat",0.0901,"WK"
"581",581,"T0000098","flat",0.1167,"WK"
"582",582,"T0000098","flat",0.1459,"WK"
"583",583,"T0000098","flat",0.0604,"WK"
"584",584,"T0000098","flat",0.0194,"WK"
"585",585,"T0000098","flat",0.0455,"WK"
"586",586,"T0000098","flat",0.1152,"WK"
"587",587,"T0000098","flat",0.1013,"WK"
"588",588,"T0000098","flat",0.0972,"WK"
"589",589,"T0000098","flat",0.0358,"WK"
"590",590,"T0000098","flat",0.0629,"WK"
"591",591,"T0000098","flat",0.0179,"WK"
"592",592,"T0000098","flat",0.024,"WK"
"593",593,"T0000098","flat",0.0414,"WK"
"594",594,"T0000098","flat",0.1003,"WK"
"595",595,"T0000098","flat",0.0793,"WK"
"596",596,"T0000098","flat-mz",0.0844,"WK"
"597",597,"T0000098","flat",0.043,"WK"
"598",598,"T0000098","flat-z",0.0593,"WK"
"599",599,"T0000098","flat",0.0296,"WK"
"600",600,"T0000098","flat",0.0404,"WK"
"601",601,"T0000098","flat",0.0337,"WK"
"602",602,"T0000098","flat",0.0389,"WK"
"603",603,"T0000098","flat",0.1679,"WK"
"604",604,"T0000098","flat",0.1612,"WK"
"605",605,"T0000098","flat",0.15,"WK"
"606",606,"T0000098","flat",0.1259,"WK"
"607",607,"T0000098","flat",0.0921,"WK"
"608",608,"T0000098","flat",0.067,"WK"
"609",609,"T0000098","upward ramp",0.0179,"WK"
"610",610,"T0000098","short",0.0092,"WK"
"611",611,"T0000098","flat",0.0686,"WK"
"612",612,"T0000098","flat",0.045,"WK"
"613",613,"T0000098","flat",0.0189,"WK"
"614",614,"T0000098","flat",0.1551,"WK"
"615",615,"T0000098","short",0.0056,"WK"
"616",616,"T0000098","flat",0.1448,"WK"
"617",617,"T0000098","flat",0.0686,"WK"
"618",618,"T0000098","flat",0.0773,"WK"
"619",619,"T0000098","flat",0.0506,"WK"
"620",620,"T0000098","flat",0.0368,"WK"
"621",621,"T0000098","flat",0.15,"WK"
"622",622,"T0000098","flat",0.0972,"WK"
"623",623,"T0000098","flat",0.043,"WK"
"624",624,"T0000098","flat-mz",0.1228,"WK"
"625",625,"T0000098","flat-mz",0.1182,"WK"
"626",626,"T0000098","flat",0.0471,"WK"
"627",627,"T0000098","flat-z",0.1075,"WK"
"628",628,"T0000098","flat",0.0675,"WK"
"629",629,"T0000098","flat",0.0619,"WK"
"630",630,"T0000098","flat",0.0583,"WK"
"631",631,"T0000098","flat",0.0327,"WK"
"632",632,"T0000098","flat",0.0573,"WK"
"633",633,"T0000098","flat",0.0921,"WK"
"634",634,"T0000098","flat",0.0547,"WK"
"635",635,"T0000098","flat",0.0691,"WK"
"636",636,"T0000098","flat",0.0773,"WK"
"637",637,"T0000098","flat",0.0583,"WK"
"638",638,"T0000098","flat",0.0512,"WK"
"639",639,"T0000098","flat",0.0814,"WK"
"640",640,"T0000098","flat",0.0793,"WK"
"641",641,"T0000098","flat",0.1157,"WK"
"642",642,"T0000098","flat",0.0988,"WK"
"643",643,"T0000098","flat",0.0348,"WK"
"644",644,"T0000098","flat",0.0363,"WK"
"645",645,"T0000098","flat",0.0312,"WK"
"646",646,"T0000098","flat",0.0179,"WK"
"647",647,"T0000098","flat",0.108,"WK"
"648",648,"T0000098","flat",0.025,"WK"
"649",649,"T0000098","flat",0.216,"WK"
"650",650,"T0000098","flat",0.1725,"WK"
"651",651,"T0000098","flat-z",0.1761,"WK"
"652",652,"T0000098","flat-z",0.1536,"WK"
"653",653,"T0000098","flat",0.0757,"WK"
"654",654,"T0000098","flat",0.0599,"WK"
"655",655,"T0000098","flat",0.0296,"WK"
"656",656,"T0000098","flat",0.0977,"WK"
"657",657,"T0000098","flat",0.1049,"WK"
"658",658,"T0000098","flat",0.1392,"WK"
"659",659,"T0000098","flat-z",0.0865,"WK"
"660",660,"T0000098","flat",0.13,"WK"
"661",661,"T0000098","flat",0.066,"WK"
"662",662,"T0000098","flat",0.0286,"WK"
"663",663,"T0000098","flat",0.0286,"WK"
"664",664,"T0000098","flat",0.0348,"WK"
"665",665,"T0000098","flat-z",0.0399,"WK"
"666",666,"T0000098","flat",0.0168,"WK"
"667",667,"T0000098","flat",0.0522,"WK"
"668",668,"T0000098","flat-z",0.0506,"WK"
"669",669,"T0000098","flat",0.0558,"WK"
"670",670,"T0000098","flat-z",0.0977,"WK"
"671",671,"T0000098","flat-z",0.0742,"WK"
"672",672,"T0000098","flat",0.0266,"WK"
"673",673,"T0000098","flat",0.023,"WK"
"674",674,"T0000098","flat",0.0424,"WK"
"675",675,"T0000098","flat",0.0296,"WK"
"676",676,"T0000098","flat",0.0506,"WK"
"677",677,"T0000098","flat-z",0.0517,"WK"
"678",678,"T0000098","flat-z",0.0757,"WK"
"679",679,"T0000098","flat-z",0.045,"WK"
"680",680,"T0000098","flat",0.1203,"WK"
"681",681,"T0000098","flat",0.1177,"WK"
"682",682,"T0000098","flat-mz",0.109,"WK"
"683",683,"T0000098","flat-z",0.0394,"WK"
"684",684,"T0000098","flat-z",0.0906,"WK"
"685",685,"T0000098","flat-mz",0.0814,"WK"
"686",686,"T0000098","flat-z",0.0906,"WK"
"687",687,"T0000098","flat-z",0.0727,"WK"
"688",688,"T0000098","flat",0.0435,"WK"
"689",689,"T0000098","flat",0.0302,"WK"
"690",690,"T0000098","flat",0.0419,"WK"
"691",691,"T0000098","flat",0.0148,"WK"
"692",692,"T0000098","short",0.004,"WK"
"693",693,"T0000098","flat",0.0332,"WK"
"694",694,"T0000098","flat-z",0.0404,"WK"
"695",695,"T0000098","flat",0.0261,"WK"
"696",696,"T0000098","flat",0.0409,"WK"
"697",697,"T0000098","flat",0.0256,"WK"
"698",698,"T0000098","flat",0.0634,"WK"
"699",699,"T0000098","flat-z",0.0788,"WK"
"700",700,"T0000098","flat-z",0.0926,"WK"
"701",701,"T0000098","flat-mz",0.1064,"WK"
"702",702,"T0000098","flat",0.0337,"WK"
"703",703,"T0000098","flat",0.0189,"WK"
"704",704,"T0000106","flatonicx",0.131,"SD"
"705",705,"T0000106","flatonic",0.0711,"SD"
"706",706,"T0000106","flatonicx",0.0798,"SD"
"707",707,"T0000106","flat",0.0296,"SD"
"708",708,"T0000106","short",0.0076,"SD"
"709",709,"T0000106","flat",0.11,"SD"
"710",710,"T0000106","short-c",0.0061,"SD"
"711",711,"T0000106","short-su",0.0025,"SD"
"712",712,"T0000106","flatonicx",0.068,"SD"
"713",713,"T0000106","flatonicx",0.0455,"SD"
"714",714,"T0000106","short-dr",0.003,"SD"
"715",715,"T0000106","flatonicx",0.0522,"SD"
"716",716,"T0000106","flat",0.0604,"SD"
"717",717,"T0000106","flat",0.1059,"SD"
"718",718,"T0000106","flat",0.0133,"SD"
"719",719,"T0000106","flat",0.0148,"SD"
"720",720,"T0000106","flatonicx",0.1029,"SD"
"721",721,"T0000106","flatonicx",0.1254,"SD"
"722",722,"T0000106","flatonicx",0.1633,"SD"
"723",723,"T0000106","flatonicx",0.132,"SD"
"724",724,"T0000106","flatonic",0.1469,"SD"
"725",725,"T0000106","flatonicx",0.1771,"SD"
"726",726,"T0000106","flat",0.1259,"SD"
"727",727,"T0000106","flat",0.1172,"SD"
"728",728,"T0000106","short",0.002,"SD"
"729",729,"T0000106","flat",0.0998,"SD"
"730",730,"T0000125","flatonicx",0.0675,"WK"
"731",731,"T0000125","flat",0.0486,"WK"
"732",732,"T0000125","flat",0.1259,"WK"
"733",733,"T0000125","flatonicx",0.1121,"WK"
"734",734,"T0000125","flat",0.023,"WK"
"735",735,"T0000125","flat",0.025,"WK"
"736",736,"T0000125","flat",0.0286,"WK"
"737",737,"T0000125","flatonicx",0.0906,"WK"
"738",738,"T0000125","flat",0.1152,"WK"
"739",739,"T0000125","flat",0.0527,"WK"
"740",740,"T0000125","flat",0.0752,"WK"
"741",741,"T0000125","flatonicx",0.0844,"WK"
"742",742,"T0000125","flat",0.0936,"WK"
"743",743,"T0000125","flatonicx",0.0322,"WK"
"744",744,"T0000125","flat",0.0465,"WK"
"745",745,"T0000125","flat",0.0552,"WK"
"746",746,"T0000125","flat-z",0.024,"WK"
"747",747,"T0000125","flatonic",0.0849,"WK"
"748",748,"T0000125","flatonicx",0.0757,"WK"
"749",749,"T0000125","flatonicx",0.0322,"WK"
"750",750,"T0000125","flat",0.0245,"WK"
"751",751,"T0000125","short",0.0076,"WK"
"752",752,"T0000125","short",0.0112,"WK"
"753",753,"T0000125","flatonicx",0.0465,"WK"
"754",754,"T0000125","flatonicx",0.0962,"WK"
"755",755,"T0000125","flatonicx",0.0404,"WK"
"756",756,"T0000125","flat",0.025,"WK"
"757",757,"T0000125","flat",0.0353,"WK"
"758",758,"T0000125","short-ur",0.0056,"WK"
"759",759,"T0000125","flat",0.0563,"WK"
"760",760,"T0000125","flatonicx",0.1059,"WK"
"761",761,"T0000125","flatonic",0.0547,"WK"
"762",762,"T0000125","flat",0.0588,"WK"
"763",763,"T0000125","flat",0.0148,"WK"
"764",764,"T0000125","flat",0.046,"WK"
"765",765,"T0000125","flatonic",0.0701,"WK"
"766",766,"T0000125","short",0.0025,"WK"
"767",767,"T0000125","short",0.0046,"WK"
"768",768,"T0000125","short",0.0046,"WK"
"769",769,"T0000125","flat",0.068,"WK"
"770",770,"T0000125","flatonicx",0.0266,"WK"
"771",771,"T0000125","flatonicx",0.0931,"WK"
"772",772,"T0000125","flat",0.0614,"WK"
"773",773,"T0000125","flatonicx",0.0471,"WK"
"774",774,"T0000125","flatonicx",0.0768,"WK"
"775",775,"T0000125","flat",0.0317,"WK"
"776",776,"T0000125","flat",0.0179,"WK"
"777",777,"T0000125","flat",0.0245,"WK"
"778",778,"T0000125","flat",0.1095,"WK"
"779",779,"T0000125","flatonicx",0.1413,"WK"
"780",780,"T0000125","flat",0.0988,"WK"
"781",781,"T0000125","flat",0.0286,"WK"
"782",782,"T0000125","step up",0.068,"WK"
"783",783,"T0000125","flat",0.023,"WK"
"784",784,"T0000125","flat",0.0563,"WK"
"785",785,"T0000125","flat",0.0839,"WK"
"786",786,"T0000125","flat-z",0.023,"WK"
"787",787,"T0000125","flat",0.0542,"WK"
"788",788,"T0000125","flatonicx",0.0424,"WK"
"789",789,"T0000125","short",0.0061,"WK"
"790",790,"T0000125","flatonicx",0.0947,"WK"
"791",791,"T0000125","flat",0.0972,"WK"
"792",792,"T0000125","flat",0.1013,"WK"
"793",793,"T0000125","flatonicx",0.025,"WK"
"794",794,"T0000125","flat",0.0737,"WK"
"795",795,"T0000125","flat",0.0522,"WK"
"796",796,"T0000125","shortonic",0.0107,"WK"
"797",797,"T0000125","short",0.0097,"WK"
"798",798,"T0000125","flatonicx",0.0696,"WK"
"799",799,"T0000125","short",0.0071,"WK"
"800",800,"T0000125","short",0.0107,"WK"
"801",801,"T0000125","short",0.0112,"WK"
"802",802,"T0000125","flatonicx",0.064,"WK"
"803",803,"T0000125","flat",0.1029,"WK"
"804",804,"T0000125","flat",0.0307,"WK"
"805",805,"T0000125","flat",0.0542,"WK"
"806",806,"T0000125","flatonicx",0.0716,"WK"
"807",807,"T0000125","flat",0.1443,"WK"
"808",808,"T0000125","flat",0.1315,"WK"
"809",809,"T0000125","flatonicx",0.1024,"WK"
"810",810,"T0000125","flat",0.1228,"WK"
"811",811,"T0000125","flatonicx",0.045,"WK"
"812",812,"T0000125","flat",0.0199,"WK"
"813",813,"T0000125","flatonicx",0.1203,"WK"
"814",814,"T0000125","flat",0.1551,"WK"
"815",815,"T0000125","flatonicx",0.1228,"WK"
"816",816,"T0000125","flat",0.0983,"WK"
"817",817,"T0000125","flat",0.0675,"WK"
"818",818,"T0000125","flat",0.0245,"WK"
"819",819,"T0000125","step up",0.0901,"WK"
"820",820,"T0000125","flatonicx",0.0819,"WK"
"821",821,"T0000125","flat",0.0256,"WK"
"822",822,"T0000125","flat",0.0348,"WK"
"823",823,"T0000125","flatonicx",0.1095,"WK"
"824",824,"T0000125","flatonicx",0.0993,"WK"
"825",825,"T0000125","flat",0.0512,"WK"
"826",826,"T0000125","flatonicx",0.0588,"WK"
"827",827,"T0000125","flat",0.0245,"WK"
"828",828,"T0000125","flat",0.0312,"WK"
"829",829,"T0000125","flat",0.0291,"WK"
"830",830,"T0000125","flat",0.0798,"WK"
"831",831,"T0000125","flat",0.1239,"WK"
"832",832,"T0000125","flat",0.0168,"WK"
"833",833,"T0000125","flat",0.0179,"WK"
"834",834,"T0000125","flat",0.0337,"WK"
"835",835,"T0000125","flatonicx",0.0481,"WK"
"836",836,"T0000125","short",0.0061,"WK"
"837",837,"T0000125","flat",0.1285,"WK"
"838",838,"T0000125","flatonicx",0.13,"WK"
"839",839,"T0000125","flat",0.0245,"WK"
"840",840,"T0000125","flat",0.064,"WK"
"841",841,"T0000125","flat",0.0972,"WK"
"842",842,"T0000125","flat",0.0163,"WK"
"843",843,"T0000125","flat",0.088,"WK"
"844",844,"T0000125","flat",0.1075,"WK"
"845",845,"T0000125","flatonicx",0.0942,"WK"
"846",846,"T0000125","flat",0.1433,"WK"
"847",847,"T0000125","short",0.0035,"WK"
"848",848,"T0000125","flatonicx",0.0665,"WK"
"849",849,"T0000125","flat",0.0179,"WK"
"850",850,"T0000125","short",0.0051,"WK"
"851",851,"T0000125","step up",0.0629,"WK"
"852",852,"T0000125","flatonicx",0.0977,"WK"
"853",853,"T0000125","flatonic",0.0568,"WK"
"854",854,"T0000125","flat",0.0184,"WK"
"855",855,"T0000125","complex",0.025,"WK"
"856",856,"T0000125","flat",0.0645,"WK"
"857",857,"T0000125","flat",0.022,"WK"
"858",858,"T0000125","flat",0.0424,"WK"
"859",859,"T0000125","flat",0.0189,"WK"
"860",860,"T0000125","inverted-u",0.0343,"WK"
"861",861,"T0000125","flatonix",0.0373,"WK"
"862",862,"T0000125","step up",0.0337,"WK"
"863",863,"T0000125","flat",0.0276,"WK"
"864",864,"T0000125","short-sd",0.0097,"WK"
"865",865,"T0000125","step up",0.046,"WK"
"866",866,"T0000125","short",0.0025,"WK"
"867",867,"T0000125","short",0.002,"WK"
"868",868,"T0000125","short-c",0.003,"WK"
"869",869,"T0000125","short-c",0.0035,"WK"
"870",870,"T0000143","flat",0.0491,"SD"
"871",871,"T0000143","flat",0.1633,"SD"
"872",872,"T0000143","short",0.0102,"SD"
"873",873,"T0000151","short",0.0051,"SD"
"874",874,"T0000151","short",0.0046,"SD"
"875",875,"T0000151","flat",0.0189,"SD"
"876",876,"T0000151","short",0.0046,"SD"
"877",877,"T0000151","short",0.0015,"SD"
"878",878,"T0000151","short",0.001,"SD"
"879",879,"T0000151","short",0.0025,"SD"
"880",880,"T0000151","short",0.0025,"SD"
"881",881,"T0000151","short-ur",0.002,"SD"
"882",882,"T0000151","short",0.0025,"SD"
"883",883,"T0000151","short",0.0035,"SD"
"884",884,"T0000151","short",0.002,"SD"
"885",885,"T0000151","complex",0.0209,"SD"
"886",886,"T0000151","short",0.0015,"SD"
"887",887,"T0000151","short",0.0046,"SD"
"888",888,"T0000151","short",0.0015,"SD"
"889",889,"T0000151","short",0.0071,"SD"
"890",890,"T0000151","short",0.0015,"SD"
"891",891,"T0000151","short",0.003,"SD"
"892",892,"T0000151","short-c",0.0035,"SD"
"893",893,"T0000151","flat",0.153,"SD"
"894",894,"T0000151","flat",0.0501,"SD"
"895",895,"T0000151","flat",0.0849,"SD"
"896",896,"T0000151","flat",0.0896,"SD"
"897",897,"T0000151","flat",0.0844,"SD"
"898",898,"T0000151","flat",0.0814,"SD"
"899",899,"T0000151","flat-z",0.0634,"SD"
"900",900,"T0000151","flat",0.0788,"SD"
"901",901,"T0000151","inverted -u",0.0174,"SD"
"902",902,"T0000151","upward ramp",0.0168,"SD"
"903",903,"T0000151","short",0.0076,"SD"
"904",904,"T0000151","short",5e-04,"SD"
"905",905,"T0000151","flat",0.0168,"SD"
"906",906,"T0000151","flat",0.0163,"SD"
"907",907,"T0000151","flat",0.0204,"SD"
"908",908,"T0000151","flat-z",0.1454,"SD"
"909",909,"T0000151","flat",0.0931,"SD"
"910",910,"T0000151","flat-z",0.1141,"SD"
"911",911,"T0000151","flat",0.0942,"SD"
"912",912,"T0000151","flat",0.0926,"SD"
"913",913,"T0000151","flat",0.0317,"SD"
"914",914,"T0000151","short",0.0087,"SD"
"915",915,"T0000151","short",0.001,"SD"
"916",916,"T0000151","short",0.0081,"SD"
"917",917,"T0000151","flat-mz",0.0757,"SD"
"918",918,"T0000151","flat-z",0.0506,"SD"
"919",919,"T0000151","flat-z",0.0552,"SD"
"920",920,"T0000151","flat",0.0552,"SD"
"921",921,"T0000151","flat-mz",0.109,"SD"
"922",922,"T0000151","flat-z",0.0742,"SD"
"923",923,"T0000151","flat",0.0732,"SD"
"924",924,"T0000151","flat-z",0.1157,"SD"
"925",925,"T0000151","flat-mz",0.0829,"SD"
"926",926,"T0000151","flat",0.108,"SD"
"927",927,"T0000151","flat-z",0.0901,"SD"
"928",928,"T0000151","flat-z",0.0803,"SD"
"929",929,"T0000151","flat",0.1372,"SD"
"930",930,"T0000151","flat",0.0506,"SD"
"931",931,"T0000151","short-ur",0.0117,"SD"
"932",932,"T0000156","flat-z",0.0942,"SD"
"933",933,"T0000156","flat-z",0.0849,"SD"
"934",934,"T0000156","flat-mz",0.1259,"SD"
"935",935,"T0000156","flat",0.1182,"SD"
"936",936,"T0000156","flat-z",0.1274,"SD"
"937",937,"T0000156","flat",0.1187,"SD"
"938",938,"T0000156","flat",0.0962,"SD"
"939",939,"T0000156","flat",0.0711,"SD"
"940",940,"T0000156","flat-z",0.086,"SD"
"941",941,"T0000156","flat-z",0.0967,"SD"
"942",942,"T0000156","flat",0.0824,"SD"
"943",943,"T0000156","flat",0.1008,"SD"
"944",944,"T0000156","flat",0.0302,"SD"
"945",945,"T0000156","flat",0.0972,"SD"
"946",946,"T0000156","flat",0.1172,"SD"
"947",947,"T0000156","flat-mz",0.0624,"SD"
"948",948,"T0000156","flat-z",0.0389,"SD"
"949",949,"T0000156","flat-mz",0.0271,"SD"
"950",950,"T0000156","flat-mz",0.0465,"SD"
"951",951,"T0000156","flat-mz",0.0783,"SD"
"952",952,"T0000156","flat",0.0803,"SD"
"953",953,"T0000156","flat-mz",0.0834,"SD"
"954",954,"T0000156","flat-mz",0.0435,"SD"
"955",955,"T0000156","flat-mz",0.0491,"SD"
"956",956,"T0000156","flat-mz",0.0496,"SD"
"957",957,"T0000156","flat-mz",0.0926,"SD"
"958",958,"T0000156","flat-mz",0.1233,"SD"
"959",959,"T0000156","flat",0.0143,"SD"
"960",960,"T0000156","flat",0.0276,"SD"
"961",961,"T0000156","flat-z",0.0629,"SD"
"962",962,"T0000156","flat",0.0435,"SD"
"963",963,"T0000156","flat",0.109,"SD"
"964",964,"T0000156","flat-z",0.0619,"SD"
"965",965,"T0000156","flat-z",0.1264,"SD"
"966",966,"T0000156","flat-z",0.13,"SD"
"967",967,"T0000156","flat",0.1105,"SD"
"968",968,"T0000156","flat",0.1274,"SD"
"969",969,"T0000156","flat",0.1326,"SD"
"970",970,"T0000156","flat",0.0901,"SD"
"971",971,"T0000156","flat",0.0849,"SD"
"972",972,"T0000156","flat",0.0947,"SD"
"973",973,"T0000156","flat",0.1064,"SD"
"974",974,"T0000156","flat",0.066,"SD"
"975",975,"T0000156","flat",0.064,"SD"
"976",976,"T0000156","flat-z",0.1408,"SD"
"977",977,"T0000156","flat",0.1418,"SD"
"978",978,"T0000156","flat",0.128,"SD"
"979",979,"T0000156","flat",0.1428,"SD"
"980",980,"T0000156","flat",0.1085,"SD"
"981",981,"T0000156","flat-z",0.1387,"SD"
"982",982,"T0000156","flat-z",0.1448,"SD"
"983",983,"T0000156","flat",0.0936,"SD"
"984",984,"T0000156","flat",0.1039,"SD"
"985",985,"T0000156","flat-mz",0.1617,"SD"
"986",986,"T0000156","flat-z",0.1566,"SD"
"987",987,"T0000156","flat-z - ",0.13,"SD"
"988",988,"T0000156","flat",0.11,"SD"
"989",989,"T0000156","flat",0.1326,"SD"
"990",990,"T0000156","flat",0.1428,"SD"
"991",991,"T0000156","flat",0.0547,"SD"
"992",992,"T0000156","flat",0.0844,"SD"
"993",993,"T0000156","flat-z",0.107,"SD"
"994",994,"T0000156","flat-z",0.1198,"SD"
"995",995,"T0000156","downward ramp",0.023,"SD"
"996",996,"T0000156","flat-z",0.1187,"SD"
"997",997,"T0000156","flat-mz",0.15,"SD"
"998",998,"T0000156","flat",0.1111,"SD"
"999",999,"T0000156","flat",0.0921,"SD"
"1000",1000,"T0000156","flat",0.109,"SD"
"1001",1001,"T0000156","flat",0.068,"SD"
"1002",1002,"T0000156","flat",0.0619,"SD"
"1003",1003,"T0000156","flat",0.1341,"SD"
"1004",1004,"T0000156","flat",0.1464,"SD"
"1005",1005,"T0000156","flat",0.087,"SD"
"1006",1006,"T0000156","flat-z",0.045,"SD"
"1007",1007,"T0000156","flat-z",0.129,"SD"
"1008",1008,"T0000156","flat-z",0.1617,"SD"
"1009",1009,"T0000156","flat",0.1295,"SD"
"1010",1010,"T0000156","flat",0.1587,"SD"
"1011",1011,"T0000156","flat",0.1454,"SD"
"1012",1012,"T0000156","flat",0.1254,"SD"
"1013",1013,"T0000156","flat",0.1223,"SD"
"1014",1014,"T0000156","flat",0.1448,"SD"
"1015",1015,"T0000156","flat",0.0363,"SD"
"1016",1016,"T0000156","flat-z",0.1223,"SD"
"1017",1017,"T0000156","flat",0.0901,"SD"
"1018",1018,"T0000156","flat",0.1377,"SD"
"1019",1019,"T0000156","flat",0.0911,"SD"
"1020",1020,"T0000156","flat-z",0.174,"SD"
"1021",1021,"T0000156","flat",0.0634,"SD"
"1022",1022,"T0000156","short",0.0102,"SD"
"1023",1023,"T0000156","flat",0.13,"SD"
"1024",1024,"T0000156","flat",0.1029,"SD"
"1025",1025,"T0000156","flat",0.1192,"SD"
"1026",1026,"T0000156","flat",0.0138,"SD"
"1027",1027,"T0000156","flat",0.1556,"SD"
"1028",1028,"T0000156","flat-z",0.1305,"SD"
"1029",1029,"T0000156","flat",0.1121,"SD"
"1030",1030,"T0000156","flat-mz over flat-mz",0.1689,"SD"
"1031",1031,"T0000156","flat",0.1628,"SD"
"1032",1032,"T0000156","flat",0.1305,"SD"
"1033",1033,"T0000156","flat-z",0.151,"SD"
"1034",1034,"T0000156","flat",0.1541,"SD"
"1035",1035,"T0000156","flat",0.1356,"SD"
"1036",1036,"T0000156","flat-mz",0.1684,"SD"
"1037",1037,"T0000156","flat",0.1515,"SD"
"1038",1038,"T0000156","flat-z",0.1566,"SD"
"1039",1039,"T0000156","flat",0.1582,"SD"
"1040",1040,"T0000156","flat-mz",0.1361,"SD"
"1041",1041,"T0000156","flat-z",0.131,"SD"
"1042",1042,"T0000156","flat-mz",0.151,"SD"
"1043",1043,"T0000156","flat",0.1397,"SD"
"1044",1044,"T0000156","flat-z",0.0599,"SD"
"1045",1045,"T0000156","flat-mz",0.1873,"SD"
"1046",1046,"T0000156","flat",0.1423,"SD"
"1047",1047,"T0000156","flat-z",0.0296,"SD"
"1048",1048,"T0000156","flat",0.151,"SD"
"1049",1049,"T0000156","short",0.0061,"SD"
"1050",1050,"T0000156","flat",0.1658,"SD"
"1051",1051,"T0000156","flat",0.1315,"SD"
"1052",1052,"T0000156","flat",0.1628,"SD"
"1053",1053,"T0000156","flat",0.1674,"SD"
"1054",1054,"T0000156","flat",0.0844,"SD"
"1055",1055,"T0000156","flat",0.0235,"SD"
"1056",1056,"T0000156","flat",0.1305,"SD"
"1057",1057,"T0000156","flat",0.1561,"SD"
"1058",1058,"T0000156","flat-z",0.1643,"SD"
"1059",1059,"T0000156","flat",0.1571,"SD"
"1060",1060,"T0000156","flat",0.0783,"SD"
"1061",1061,"T0000156","downward ramp over flat",0.1408,"SD"
"1062",1062,"T0000156","flat",0.0322,"SD"
"1063",1063,"T0000156","flat-z",0.152,"SD"
"1064",1064,"T0000156","flat",0.1095,"SD"
"1065",1065,"T0000156","flat",0.1781,"SD"
"1066",1066,"T0000156","flat-z",0.1136,"SD"
"1067",1067,"T0000156","flat",0.0768,"SD"
"1068",1068,"T0000156","flat-mz",0.1489,"SD"
"1069",1069,"T0000156","flat",0.1233,"SD"
"1070",1070,"T0000156","flat",0.1848,"SD"
"1071",1071,"T0000156","flat-z",0.173,"SD"
"1072",1072,"T0000156","flat",0.1776,"SD"
"1073",1073,"T0000156","flat",0.1745,"SD"
"1074",1074,"T0000156","flat-mz",0.1781,"SD"
"1075",1075,"T0000156","flat-z",0.1986,"SD"
"1076",1076,"T0000156","flat",0.1858,"SD"
"1077",1077,"T0000156","flat",0.1812,"SD"
"1078",1078,"T0000156","flat-z",0.067,"SD"
"1079",1079,"T0000156","flat",0.0962,"SD"
"1080",1080,"T0000156","flat",0.0291,"SD"
"1081",1081,"T0000156","flat-mz",0.1157,"SD"
"1082",1082,"T0000156","flat",0.0348,"SD"
"1083",1083,"T0000156","step up",0.0547,"SD"
"1084",1084,"T0000156","flat",0.0476,"SD"
"1085",1085,"T0000156","short",0.0081,"SD"
"1086",1086,"T0000156","flat",0.3281,"SD"
"1087",1087,"T0000156","flat",0.2636,"SD"
"1088",1088,"T0000156","flat",0.025,"SD"
"1089",1089,"T0000156","flat",0.0271,"SD"
"1090",1090,"T0000156","flat-z",0.1679,"SD"
"1091",1091,"T0000186","flat",0.0558,"WK"
"1092",1092,"T0000192","flat",0.0286,"WK"
"1093",1093,"T0000192","flat",0.0563,"WK"
"1094",1094,"T0000192","flat",0.0665,"WK"
"1095",1095,"T0000192","flat",0.0737,"WK"
"1096",1096,"T0000192","flat",0.0778,"WK"
"1097",1097,"T0000192","flat",0.043,"WK"
"1098",1098,"T0000192","flat",0.0517,"WK"
"1099",1099,"T0000192","flat",0.0435,"WK"
"1100",1100,"T0000192","flat",0.0266,"WK"
"1101",1101,"T0000192","short",0.0133,"WK"
"1102",1102,"T0000192","complex",0.0563,"WK"
"1103",1103,"T0000192","flat",0.0957,"WK"
"1104",1104,"T0000192","flat",0.1249,"WK"
"1105",1105,"T0000192","flat",0.1136,"WK"
"1106",1106,"T0000192","flat",0.0491,"WK"
"1107",1107,"T0000192","flat",0.0696,"WK"
"1108",1108,"T0000192","flat",0.0399,"WK"
"1109",1109,"T0000192","flat",0.0353,"WK"
"1110",1110,"T0000192","flat",0.0235,"WK"
"1111",1111,"T0000192","flat",0.0358,"WK"
"1112",1112,"T0000192","flat-z",0.0465,"WK"
"1113",1113,"T0000192","flat",0.0307,"WK"
"1114",1114,"T0000192","flat-z",0.0537,"WK"
"1115",1115,"T0000192","flat",0.0404,"WK"
"1116",1116,"T0000192","flat",0.0363,"WK"
"1117",1117,"T0000192","flat",0.0225,"WK"
"1118",1118,"T0000192","flat",0.0276,"WK"
"1119",1119,"T0000192","flat",0.043,"WK"
"1120",1120,"T0000192","flat",0.0296,"WK"
"1121",1121,"T0000192","complex",0.1105,"WK"
"1122",1122,"T0000192","complex",0.0706,"WK"
"1123",1123,"T0000192","complex",0.1049,"WK"
"1124",1124,"T0000192","complex",0.0875,"WK"
"1125",1125,"T0000192","flat-z",0.045,"WK"
"1126",1126,"T0000192","flat-z",0.043,"WK"
"1127",1127,"T0000192","flat",0.0348,"WK"
"1128",1128,"T0000192","flat-z",0.044,"WK"
"1129",1129,"T0000192","short",0.004,"WK"
"1130",1130,"T0000192","flat",0.025,"WK"
"1131",1131,"T0000192","flat",0.0199,"WK"
"1132",1132,"T0000192","flat",0.0256,"WK"
"1133",1133,"T0000192","flat",0.0291,"WK"
"1134",1134,"T0000192","flat",0.0506,"WK"
"1135",1135,"T0000192","flat",0.0373,"WK"
"1136",1136,"T0000192","flat",0.0225,"WK"
"1137",1137,"T0000192","flat",0.0194,"WK"
"1138",1138,"T0000192","flat-z",0.0399,"WK"
"1139",1139,"T0000192","flat-z",0.0296,"WK"
"1140",1140,"T0000192","flat-z",0.0558,"WK"
"1141",1141,"T0000192","flat",0.045,"WK"
"1142",1142,"T0000192","flat-z",0.0757,"WK"
"1143",1143,"T0000192","flat-z",0.0486,"WK"
"1144",1144,"T0000192","flat-z",0.0552,"WK"
"1145",1145,"T0000192","flat",0.064,"WK"
"1146",1146,"T0000192","flat-mz",0.064,"WK"
"1147",1147,"T0000192","flat-mz",0.0885,"WK"
"1148",1148,"T0000192","flat",0.0747,"WK"
"1149",1149,"T0000192","flat",0.0358,"WK"
"1150",1150,"T0000192","flat",0.0168,"WK"
"1151",1151,"T0000192","flat",0.0291,"WK"
"1152",1152,"T0000192","flat",0.0363,"WK"
"1153",1153,"T0000192","flat",0.0399,"WK"
"1154",1154,"T0000192","flat",0.0824,"WK"
"1155",1155,"T0000192","flat",0.0527,"WK"
"1156",1156,"T0000192","short",0.0071,"WK"
"1157",1157,"T0000192","flat",0.024,"WK"
"1158",1158,"T0000192","flat",0.0276,"WK"
"1159",1159,"T0000192","flat",0.0363,"WK"
"1160",1160,"T0000192","flat",0.0337,"WK"
"1161",1161,"T0000192","flat",0.0414,"WK"
"1162",1162,"T0000192","flat-z",0.044,"WK"
"1163",1163,"T0000192","flat",0.0266,"WK"
"1164",1164,"T0000192","flat",0.0455,"WK"
"1165",1165,"T0000192","flat",0.0337,"WK"
"1166",1166,"T0000192","flat",0.0399,"WK"
"1167",1167,"T0000192","flat",0.023,"WK"
"1168",1168,"T0000192","flat",0.0363,"WK"
"1169",1169,"T0000192","step up",0.022,"WK"
"1170",1170,"T0000192","flat",0.0204,"WK"
"1171",1171,"T0000192","flat-z",0.0435,"WK"
"1172",1172,"T0000192","flat",0.0378,"WK"
"1173",1173,"T0000192","flat",0.0256,"WK"
"1174",1174,"T0000192","flat",0.0235,"WK"
"1175",1175,"T0000192","complex",0.0757,"WK"
"1176",1176,"T0000192","flat",0.0593,"WK"
"1177",1177,"T0000192","flat-z",0.0542,"WK"
"1178",1178,"T0000192","flat",0.0455,"WK"
"1179",1179,"T0000192","flat-mz",0.0629,"WK"
"1180",1180,"T0000192","flat",0.0281,"WK"
"1181",1181,"T0000192","flat",0.0322,"WK"
"1182",1182,"T0000192","flat-z",0.0517,"WK"
"1183",1183,"T0000192","flat",0.0471,"WK"
"1184",1184,"T0000192","flat",0.0256,"WK"
"1185",1185,"T0000192","complex",0.0343,"WK"
"1186",1186,"T0000192","flat",0.0225,"WK"
"1187",1187,"T0000192","flat",0.0512,"WK"
"1188",1188,"T0000192","flat",0.0486,"WK"
"1189",1189,"T0000192","flat",0.0501,"WK"
"1190",1190,"T0000192","downward ramp",0.0138,"WK"
"1191",1191,"T0000192","flat",0.0138,"WK"
"1192",1192,"T0000192","flat",0.025,"WK"
"1193",1193,"T0000192","flat",0.046,"WK"
"1194",1194,"T0000192","flat",0.0174,"WK"
"1195",1195,"T0000192","flat",0.0399,"WK"
"1196",1196,"T0000192","flat",0.0209,"WK"
"1197",1197,"T0000192","flat-z",0.0552,"WK"
"1198",1198,"T0000192","flat-z",0.0547,"WK"
"1199",1199,"T0000192","flat",0.0552,"WK"
"1200",1200,"T0000196","flat",0.1008,"SD"
"1201",1201,"T0000196","flat",0.0307,"SD"
"1202",1202,"T0000196","flat",0.0486,"SD"
"1203",1203,"T0000196","flat",0.1336,"SD"
"1204",1204,"T0000196","flat",0.0291,"SD"
"1205",1205,"T0000196","flat",0.0184,"SD"
"1206",1206,"T0000196","flat-z",0.0168,"SD"
"1207",1207,"T0000196","flat",0.0599,"SD"
"1208",1208,"T0000196","flat",0.0404,"SD"
"1209",1209,"T0000196","short",0.0061,"SD"
"1210",1210,"T0000196","flat",0.0296,"SD"
"1211",1211,"T0000196","flat",0.1013,"SD"
"1212",1212,"T0000196","flat",0.1694,"SD"
"1213",1213,"T0000196","flat",0.152,"SD"
"1214",1214,"T0000196","flat",0.0578,"SD"
"1215",1215,"T0000196","flat",0.0593,"SD"
"1216",1216,"T0000196","flat",0.0691,"SD"
"1217",1217,"T0000196","flat",0.0844,"SD"
"1218",1218,"T0000196","flat",0.1259,"SD"
"1219",1219,"T0000196","flat",0.0281,"SD"
"1220",1220,"T0000196","flat",0.1008,"SD"
"1221",1221,"T0000196","flat",0.0522,"SD"
"1222",1222,"T0000196","flat-z",0.0179,"SD"
"1223",1223,"T0000196","flat-z",0.0716,"SD"
"1224",1224,"T0000196","flat",0.0445,"SD"
"1225",1225,"T0000196","flat-z",0.0322,"SD"
"1226",1226,"T0000196","flat",0.0179,"SD"
"1227",1227,"T0000196","flat-z",0.0967,"SD"
"1228",1228,"T0000196","flat",0.109,"SD"
"1229",1229,"T0000196","flat",0.0532,"SD"
"1230",1230,"T0000196","flat",0.0593,"SD"
"1231",1231,"T0000196","flat-z",0.0808,"SD"
"1232",1232,"T0000196","flat-z",0.1448,"SD"
"1233",1233,"T0000196","flat-mz",0.1756,"SD"
"1234",1234,"T0000196","flat",0.1162,"SD"
"1235",1235,"T0000196","flat",0.1064,"SD"
"1236",1236,"T0000196","flat",0.1182,"SD"
"1237",1237,"T0000196","flat",0.1213,"SD"
"1238",1238,"T0000196","flat",0.0368,"SD"
"1239",1239,"T0000229","flat",0.0302,"WK"
"1240",1240,"T0000229","inverted-u",0.0153,"WK"
"1241",1241,"T0000229","flat",0.0194,"WK"
"1242",1242,"T0000229","flat",0.0778,"WK"
"1243",1243,"T0000229","flat",0.0296,"WK"
"1244",1244,"T0000229","flat",0.0122,"WK"
"1245",1245,"T0000229","flat",0.0168,"WK"
"1246",1246,"T0000229","flat",0.0189,"WK"
"1247",1247,"T0000229","flat",0.0537,"WK"
"1248",1248,"T0000229","flat",0.0317,"WK"
"1249",1249,"T0000229","flat",0.0435,"WK"
"1250",1250,"T0000229","flat",0.0307,"WK"
"1251",1251,"T0000229","flat",0.0476,"WK"
"1252",1252,"T0000229","flat",0.0599,"WK"
"1253",1253,"T0000229","flat",0.0675,"WK"
"1254",1254,"T0000229","flat",0.0583,"WK"
"1255",1255,"T0000229","flat",0.0655,"WK"
"1256",1256,"T0000229","flat",0.0373,"WK"
"1257",1257,"T0000229","flat",0.0189,"WK"
"1258",1258,"T0000229","flat",0.0281,"WK"
"1259",1259,"T0000229","flat",0.0327,"WK"
"1260",1260,"T0000229","flat",0.0624,"WK"
"1261",1261,"T0000229","flat",0.025,"WK"
"1262",1262,"T0000229","flat",0.0199,"WK"
"1263",1263,"T0000229","flat",0.0399,"WK"
"1264",1264,"T0000229","flat",0.0378,"WK"
"1265",1265,"T0000229","flat",0.0179,"WK"
"1266",1266,"T0000229","flat",0.045,"WK"
"1267",1267,"T0000229","flat",0.0373,"WK"
"1268",1268,"T0000229","flat",0.0424,"WK"
"1269",1269,"T0000229","flat",0.0302,"WK"
"1270",1270,"T0000229","flat",0.0394,"WK"
"1271",1271,"T0000229","flat",0.0235,"WK"
"1272",1272,"T0000229","flat",0.0307,"WK"
"1273",1273,"T0000229","flat",0.0291,"WK"
"1274",1274,"T0000229","flat",0.0343,"WK"
"1275",1275,"T0000229","flat",0.0307,"WK"
"1276",1276,"T0000229","flat",0.0343,"WK"
"1277",1277,"T0000229","flat",0.0424,"WK"
"1278",1278,"T0000229","flat",0.0296,"WK"
"1279",1279,"T0000229","flat",0.0711,"WK"
"1280",1280,"T0000229","flat",0.0302,"WK"
"1281",1281,"T0000229","flat",0.0686,"WK"
"1282",1282,"T0000229","flat",0.0593,"WK"
"1283",1283,"T0000229","flat",0.0783,"WK"
"1284",1284,"T0000229","flat",0.022,"WK"
"1285",1285,"T0000229","flat",0.0266,"WK"
"1286",1286,"T0000229","flat",0.044,"WK"
"1287",1287,"T0000229","flat",0.045,"WK"
"1288",1288,"T0000229","flat",0.0445,"WK"
"1289",1289,"T0000229","flat",0.043,"WK"
"1290",1290,"T0000229","flat",0.0327,"WK"
"1291",1291,"T0000229","flat",0.045,"WK"
"1292",1292,"T0000229","flat",0.064,"WK"
"1293",1293,"T0000229","flat",0.0384,"WK"
"1294",1294,"T0000229","flat",0.0368,"WK"
"1295",1295,"T0000229","flat",0.0302,"WK"
"1296",1296,"T0000229","flat",0.0307,"WK"
"1297",1297,"T0000229","flat",0.0419,"WK"
"1298",1298,"T0000229","flat",0.0225,"WK"
"1299",1299,"T0000229","flat",0.0496,"WK"
"1300",1300,"T0000229","flat",0.0317,"WK"
"1301",1301,"T0000229","flat",0.024,"WK"
"1302",1302,"T0000229","flat",0.0281,"WK"
"1303",1303,"T0000229","flat",0.0808,"WK"
"1304",1304,"T0000229","flat",0.0373,"WK"
"1305",1305,"T0000229","flat",0.0394,"WK"
"1306",1306,"T0000229","flat",0.066,"WK"
"1307",1307,"T0000229","flat",0.0778,"WK"
"1308",1308,"T0000229","flat",0.0348,"WK"
"1309",1309,"T0000243","flat",0.0322,"SD"
"1310",1310,"T0000243","flat",0.0583,"SD"
"1311",1311,"T0000243","short-c",0.003,"SD"
"1312",1312,"T0000243","short-c",0.002,"SD"
"1313",1313,"T0000243","short-c",0.003,"SD"
"1314",1314,"T0000243","step down",0.0261,"SD"
"1315",1315,"T0000243","complex",0.0583,"SD"
"1316",1316,"T0000243","short",0.0025,"SD"
"1317",1317,"T0000243","inverted-u",0.0317,"SD"
"1318",1318,"T0000243","short-c",0.0035,"SD"
"1319",1319,"T0000243","inverted-u",0.0133,"SD"
"1320",1320,"T0000243","short-sd",0.0046,"SD"
"1321",1321,"T0000243","short-su",0.0087,"SD"
"1322",1322,"T0000243","short-sd",0.0087,"SD"
"1323",1323,"T0000243","short-c",0.0056,"SD"
"1324",1324,"T0000243","short-sd",0.0046,"SD"
"1325",1325,"T0000243","short-ur",0.004,"SD"
"1326",1326,"T0000243","short-ur",0.0025,"SD"
"1327",1327,"T0000243","short-su",0.0107,"SD"
"1328",1328,"T0000243","short-c",0.002,"SD"
"1329",1329,"T0000243","short-ur",0.0025,"SD"
"1330",1330,"T0000243","short",0.004,"SD"
"1331",1331,"T0000243","short",0.001,"SD"
"1332",1332,"T0000243","short",0.0051,"SD"
"1333",1333,"T0000243","short",0.0046,"SD"
"1334",1334,"T0000243","short-ur",0.0046,"SD"
"1335",1335,"T0000243","short-su",0.0107,"SD"
"1336",1336,"T0000243","short-ur",0.004,"SD"
"1337",1337,"T0000243","short",0.003,"SD"
"1338",1338,"T0000243","short-c",0.0051,"SD"
"1339",1339,"T0000243","short-ur",0.0035,"SD"
"1340",1340,"T0000243","short-sd",0.0066,"SD"
"1341",1341,"T0000243","short-ur",0.004,"SD"
"1342",1342,"T0000243","unclear",0.0348,"SD"
"1343",1343,"T0000243","unclear",0.0332,"SD"
"1344",1344,"T0000243","short",0.003,"SD"
"1345",1345,"T0000243","short",0.002,"SD"
"1346",1346,"T0000243","short-ur",0.0025,"SD"
"1347",1347,"T0000243","short-ur",0.0046,"SD"
"1348",1348,"T0000243","short",0.0015,"SD"
"1349",1349,"T0000243","short-c",0.0066,"SD"
"1350",1350,"T0000243","short-ur",0.004,"SD"
"1351",1351,"T0000243","short-ur",0.0035,"SD"
"1352",1352,"T0000243","short-ur",0.0046,"SD"
"1353",1353,"T0000243","short-c",0.0066,"SD"
"1354",1354,"T0000243","short-c",0.0025,"SD"
"1355",1355,"T0000243","short",0.0025,"SD"
"1356",1356,"T0000243","short-ur",0.003,"SD"
"1357",1357,"T0000256","flat",0.0168,"SD"
"1358",1358,"T0000256","flat",0.0225,"SD"
"1359",1359,"T0000256","step down",0.0537,"SD"
"1360",1360,"T0000256","flat",0.0158,"SD"
"1361",1361,"T0000256","flat",0.0768,"SD"
"1362",1362,"T0000256","flat",0.0266,"SD"
"1363",1363,"T0000256","flat",0.0245,"SD"
"1364",1364,"T0000256","flat",0.0138,"SD"
"1365",1365,"T0000256","flat",0.0317,"SD"
"1366",1366,"T0000256","flat",0.022,"SD"
"1367",1367,"T0000256","flat",0.0296,"SD"
"1368",1368,"T0000256","flat",0.0153,"SD"
"1369",1369,"T0000256","flat-z",0.0762,"SD"
"1370",1370,"T0000256","flat",0.0578,"SD"
"1371",1371,"T0000256","flat",0.0286,"SD"
"1372",1372,"T0000256","flat",0.0378,"SD"
"1373",1373,"T0000256","step down",0.0414,"SD"
"1374",1374,"T0000256","flat",0.0245,"SD"
"1375",1375,"T0000256","flat",0.0578,"SD"
"1376",1376,"T0000256","flat",0.0532,"SD"
"1377",1377,"T0000256","flat",0.0732,"SD"
"1378",1378,"T0000256","short",0.004,"SD"
"1379",1379,"T0000256","flat",0.067,"SD"
"1380",1380,"T0000256","flat",0.0532,"SD"
"1381",1381,"T0000256","flat",0.0337,"SD"
"1382",1382,"T0000256","flat",0.0174,"SD"
"1383",1383,"T0000256","flat",0.0327,"SD"
"1384",1384,"T0000256","flat",0.0261,"SD"
"1385",1385,"T0000256","flat",0.0798,"SD"
"1386",1386,"T0000256","flat",0.0747,"SD"
"1387",1387,"T0000256","flat",0.0204,"SD"
"1388",1388,"T0000256","flat",0.024,"SD"
"1389",1389,"T0000256","flat",0.067,"SD"
"1390",1390,"T0000256","flat-z",0.0532,"SD"
"1391",1391,"T0000256","flat",0.0358,"SD"
"1392",1392,"T0000256","flat",0.0296,"SD"
"1393",1393,"T0000256","short",0.0076,"SD"
"1394",1394,"T0000256","flat",0.0614,"SD"
"1395",1395,"T0000256","flat",0.0686,"SD"
"1396",1396,"T0000256","short",0.0056,"SD"
"1397",1397,"T0000256","flat",0.0471,"SD"
"1398",1398,"T0000256","short",0.0097,"SD"
"1399",1399,"T0000256","flat",0.025,"SD"
"1400",1400,"T0000256","flat",0.0737,"SD"
"1401",1401,"T0000256","flat",0.1141,"SD"
"1402",1402,"T0000256","flat",0.1121,"SD"
"1403",1403,"T0000256","flat",0.1008,"SD"
"1404",1404,"T0000256","flat",0.0773,"SD"
"1405",1405,"T0000256","flat",0.0942,"SD"
"1406",1406,"T0000256","flat",0.0552,"SD"
"1407",1407,"T0000256","flat",0.0506,"SD"
"1408",1408,"T0000256","flat",0.0363,"SD"
"1409",1409,"T0000256","flat",0.0727,"SD"
"1410",1410,"T0000256","flat",0.0317,"SD"
"1411",1411,"T0000256","flat",0.0706,"SD"
"1412",1412,"T0000256","flat",0.0547,"SD"
"1413",1413,"T0000256","flat",0.0573,"SD"
"1414",1414,"T0000256","flat",0.0394,"SD"
"1415",1415,"T0000256","flat",0.0696,"SD"
"1416",1416,"T0000256","flat",0.0716,"SD"
"1417",1417,"T0000256","upward ramp",0.0179,"SD"
"1418",1418,"T0000256","flat",0.0542,"SD"
"1419",1419,"T0000256","flat",0.068,"SD"
"1420",1420,"T0000256","flat",0.0727,"SD"
"1421",1421,"T0000256","flat",0.0358,"SD"
"1422",1422,"T0000256","flat",0.0394,"SD"
"1423",1423,"T0000256","flat",0.046,"SD"
"1424",1424,"T0000256","flat",0.0245,"SD"
"1425",1425,"T0000256","flat",0.0174,"SD"
"1426",1426,"T0000256","flat",0.0783,"SD"
"1427",1427,"T0000256","flat",0.0435,"SD"
"1428",1428,"T0000256","flat",0.0404,"SD"
"1429",1429,"T0000256","flat",0.0614,"SD"
"1430",1430,"T0000256","flat",0.0665,"SD"
"1431",1431,"T0000256","flat",0.0701,"SD"
"1432",1432,"T0000256","flat",0.0506,"SD"
"1433",1433,"T0000256","flat",0.0512,"SD"
"1434",1434,"T0000256","flat",0.0384,"SD"
"1435",1435,"T0000256","flat",0.0578,"SD"
"1436",1436,"T0000256","flat",0.068,"SD"
"1437",1437,"T0000256","flat",0.0245,"SD"
"1438",1438,"T0000256","flat",0.0327,"SD"
"1439",1439,"T0000256","flat",0.0522,"SD"
"1440",1440,"T0000256","flat",0.1126,"SD"
"1441",1441,"T0000256","flat",0.1182,"SD"
"1442",1442,"T0000256","flat",0.0875,"SD"
"1443",1443,"T0000256","flat",0.0855,"SD"
"1444",1444,"T0000256","flat",0.0455,"SD"
"1445",1445,"T0000256","flat",0.0465,"SD"
"1446",1446,"T0000256","flat",0.0645,"SD"
"1447",1447,"T0000256","flat",0.0619,"SD"
"1448",1448,"T0000256","complex",0.0384,"SD"
"1449",1449,"T0000256","complex",0.0563,"SD"
"1450",1450,"T0000256","flat",0.0558,"SD"
"1451",1451,"T0000256","flat",0.0558,"SD"
"1452",1452,"T0000256","short",0.0071,"SD"
"1453",1453,"T0000256","flat",0.0686,"SD"
"1454",1454,"T0000256","flat",0.0199,"SD"
"1455",1455,"T0000256","flat",0.0624,"SD"
"1456",1456,"T0000256","flat",0.0174,"SD"
"1457",1457,"T0000256","flat",0.1167,"SD"
"1458",1458,"T0000256","flat",0.0486,"SD"
"1459",1459,"T0000256","flat",0.0358,"SD"
"1460",1460,"T0000256","flat",0.0558,"SD"
"1461",1461,"T0000256","flat",0.0276,"SD"
"1462",1462,"T0000256","flat",0.088,"SD"
"1463",1463,"T0000256","flat",0.0573,"SD"
"1464",1464,"T0000256","flat",0.0931,"SD"
"1465",1465,"T0000256","flat",0.0404,"SD"
"1466",1466,"T0000256","flat",0.0762,"SD"
"1467",1467,"T0000256","flat",0.0435,"SD"
"1468",1468,"T0000256","flat",0.0168,"SD"
"1469",1469,"T0000256","flat",0.1039,"SD"
"1470",1470,"T0000256","flat",0.0691,"SD"
"1471",1471,"T0000256","flat",0.0983,"SD"
"1472",1472,"T0000256","flat",0.0706,"SD"
"1473",1473,"T0000256","flat",0.0491,"SD"
"1474",1474,"T0000256","flat",0.0977,"SD"
"1475",1475,"T0000256","flat",0.0911,"SD"
"1476",1476,"T0000256","flat",0.0773,"SD"
"1477",1477,"T0000256","flat",0.0783,"SD"
"1478",1478,"T0000256","flat",0.0378,"SD"
"1479",1479,"T0000256","flat",0.0235,"SD"
"1480",1480,"T0000256","flat",0.0906,"SD"
"1481",1481,"T0000256","flat",0.0906,"SD"
"1482",1482,"T0000256","flat",0.0593,"SD"
"1483",1483,"T0000256","flat",0.0491,"SD"
"1484",1484,"T0000256","flat",0.0563,"SD"
"1485",1485,"T0000256","step down",0.0481,"SD"
"1486",1486,"T0000256","flat",0.0276,"SD"
"1487",1487,"T0000256","flat",0.0337,"SD"
"1488",1488,"T0000256","short",0.0081,"SD"
"1489",1489,"T0000256","flat",0.0988,"SD"
"1490",1490,"T0000256","flat",0.0967,"SD"
"1491",1491,"T0000256","short",0.001,"SD"
"1492",1492,"T0000256","flat",0.064,"SD"
"1493",1493,"T0000256","flat",0.0834,"SD"
"1494",1494,"T0000256","flat",0.0143,"SD"
"1495",1495,"T0000256","flat",0.0327,"SD"
"1496",1496,"T0000256","flat",0.0537,"SD"
"1497",1497,"T0000256","flat",0.0757,"SD"
"1498",1498,"T0000256","flat",0.0706,"SD"
"1499",1499,"T0000256","flat",0.0926,"SD"
"1500",1500,"T0000256","flat",0.0834,"SD"
"1501",1501,"T0000256","flat",0.0839,"SD"
"1502",1502,"T0000256","flat",0.0906,"SD"
"1503",1503,"T0000256","flat",0.0855,"SD"
"1504",1504,"T0000256","flat",0.0737,"SD"
"1505",1505,"T0000256","flat",0.0624,"SD"
"1506",1506,"T0000256","flat",0.109,"SD"
"1507",1507,"T0000256","flat",0.0522,"SD"
"1508",1508,"T0000256","flat",0.0343,"SD"
"1509",1509,"T0000256","flat",0.0675,"SD"
"1510",1510,"T0000256","flat",0.0675,"SD"
"1511",1511,"T0000256","flat",0.0952,"SD"
"1512",1512,"T0000256","flat",0.0742,"SD"
"1513",1513,"T0000256","flat",0.0921,"SD"
"1514",1514,"T0000256","flat",0.0983,"SD"
"1515",1515,"T0000256","flat",0.0368,"SD"
"1516",1516,"T0000256","flat",0.1126,"SD"
"1517",1517,"T0000256","flat",0.0675,"SD"
"1518",1518,"T0000256","flat",0.0829,"SD"
"1519",1519,"T0000256","flat",0.0522,"SD"
"1520",1520,"T0000256","flat",0.0762,"SD"
"1521",1521,"T0000256","flat",0.0732,"SD"
"1522",1522,"T0000256","flat",0.0271,"SD"
"1523",1523,"T0000256","flat",0.0276,"SD"
"1524",1524,"T0000256","flat",0.0373,"SD"
"1525",1525,"T0000256","flat-z",0.0471,"SD"
"1526",1526,"T0000256","flat-mz",0.0947,"SD"
"1527",1527,"T0000256","flat-mz",0.1095,"SD"
"1528",1528,"T0000256","flat-z",0.0686,"SD"
"1529",1529,"T0000256","flat",0.0209,"SD"
"1530",1530,"T0000256","flat",0.066,"SD"
"1531",1531,"T0000256","flat-mz",0.0747,"SD"
"1532",1532,"T0000256","short",0.0061,"SD"
"1533",1533,"T0000256","short",0.0076,"SD"
"1534",1534,"T0000256","flat",0.0537,"SD"
"1535",1535,"T0000256","flat",0.067,"SD"
"1536",1536,"T0000256","flat",0.0373,"SD"
"1537",1537,"T0000256","flat",0.0762,"SD"
"1538",1538,"T0000256","flat",0.0532,"SD"
"1539",1539,"T0000256","flat",0.0803,"SD"
"1540",1540,"T0000256","flat",0.0179,"SD"
"1541",1541,"T0000256","flat",0.0808,"SD"
"1542",1542,"T0000256","flat",0.0752,"SD"
"1543",1543,"T0000256","flat",0.0424,"SD"
"1544",1544,"T0000256","flat",0.0419,"SD"
"1545",1545,"T0000256","step down",0.0204,"SD"
"1546",1546,"T0000256","flat",0.0563,"SD"
"1547",1547,"T0000256","flat",0.0419,"SD"
"1548",1548,"T0000256","flat",0.0552,"SD"
"1549",1549,"T0000256","flat",0.0404,"SD"
"1550",1550,"T0000256","short",0.0087,"SD"
"1551",1551,"T0000256","flat",0.0194,"SD"
"1552",1552,"T0000256","flat",0.0174,"SD"
"1553",1553,"T0000256","flat",0.0542,"SD"
"1554",1554,"T0000256","flat",0.0327,"SD"
"1555",1555,"T0000256","flat",0.0271,"SD"
"1556",1556,"T0000256","flat",0.0378,"SD"
"1557",1557,"T0000256","flat",0.0778,"SD"
"1558",1558,"T0000256","flat",0.0368,"SD"
"1559",1559,"T0000256","flat",0.0686,"SD"
"1560",1560,"T0000256","flat-z",0.1064,"SD"
"1561",1561,"T0000256","flat",0.1013,"SD"
"1562",1562,"T0000256","flat",0.0936,"SD"
"1563",1563,"T0000256","flat-z",0.0855,"SD"
"1564",1564,"T0000256","flat",0.0706,"SD"
"1565",1565,"T0000256","flat-z",0.1029,"SD"
"1566",1566,"T0000256","flat-z",0.0865,"SD"
"1567",1567,"T0000256","flat-mz",0.0762,"SD"
"1568",1568,"T0000256","flat-mz",0.087,"SD"
"1569",1569,"T0000256","flat-z",0.0875,"SD"
"1570",1570,"T0000256","flat-mz",0.0768,"SD"
"1571",1571,"T0000256","flat",0.025,"SD"
"1572",1572,"T0000256","flat",0.0532,"SD"
"1573",1573,"T0000256","flat-mz",0.0542,"SD"
"1574",1574,"T0000256","flat-mz",0.0778,"SD"
"1575",1575,"T0000256","flat-z",0.0655,"SD"
"1576",1576,"T0000256","flat",0.0624,"SD"
"1577",1577,"T0000256","flat",0.0803,"SD"
"1578",1578,"T0000256","flat",0.0501,"SD"
"1579",1579,"T0000256","flat",0.0972,"SD"
"1580",1580,"T0000256","flat",0.11,"SD"
"1581",1581,"T0000256","flat",0.0906,"SD"
"1582",1582,"T0000256","flat",0.0332,"SD"
"1583",1583,"T0000256","flat",0.043,"SD"
"1584",1584,"T0000256","flat",0.1249,"SD"
"1585",1585,"T0000256","flat",0.0808,"SD"
"1586",1586,"T0000256","flat",0.0179,"SD"
"1587",1587,"T0000256","flat",0.089,"SD"
"1588",1588,"T0000256","flat",0.0952,"SD"
"1589",1589,"T0000256","short",0.003,"SD"
"1590",1590,"T0000256","flat",0.0645,"SD"
"1591",1591,"T0000256","flat",0.0455,"SD"
"1592",1592,"T0000256","flat",0.1146,"SD"
"1593",1593,"T0000256","flat-mz",0.0865,"SD"
"1594",1594,"T0000256","flat-z",0.0911,"SD"
"1595",1595,"T0000256","flat",0.0916,"SD"
"1596",1596,"T0000256","flat",0.0936,"SD"
"1597",1597,"T0000256","short",0.0112,"SD"
"1598",1598,"T0000256","flat",0.0614,"SD"
"1599",1599,"T0000256","flat",0.0604,"SD"
"1600",1600,"T0000256","flat",0.0378,"SD"
"1601",1601,"T0000256","flat",0.0834,"SD"
"1602",1602,"T0000256","flat",0.0896,"SD"
"1603",1603,"T0000256","flat",0.1213,"SD"
"1604",1604,"T0000256","flat",0.0496,"SD"
"1605",1605,"T0000256","flat",0.0977,"SD"
"1606",1606,"T0000256","flat",0.0471,"SD"
"1607",1607,"T0000256","step down",0.0343,"SD"
"1608",1608,"T0000256","flat",0.0737,"SD"
"1609",1609,"T0000256","flat",0.1152,"SD"
"1610",1610,"T0000256","flat",0.0348,"SD"
"1611",1611,"T0000256","flat",0.1075,"SD"
"1612",1612,"T0000256","flat",0.13,"SD"
"1613",1613,"T0000256","flat",0.1249,"SD"
"1614",1614,"T0000256","flat",0.0532,"SD"
"1615",1615,"T0000256","flat",0.1008,"SD"
"1616",1616,"T0000256","flat",0.0537,"SD"
"1617",1617,"T0000256","flat",0.0517,"SD"
"1618",1618,"T0000256","flat",0.0558,"SD"
"1619",1619,"T0000256","flat",0.0742,"SD"
"1620",1620,"T0000256","flat",0.0604,"SD"
"1621",1621,"T0000256","flat",0.0327,"SD"
"1622",1622,"T0000256","flat",0.0747,"SD"
"1623",1623,"T0000256","flat",0.0599,"SD"
"1624",1624,"T0000256","flat",0.0988,"SD"
"1625",1625,"T0000256","flat",0.0322,"SD"
"1626",1626,"T0000256","short",0.0076,"SD"
"1627",1627,"T0000256","flat",0.0619,"SD"
"1628",1628,"T0000256","flat-z",0.0773,"SD"
"1629",1629,"T0000256","flat-z",0.0414,"SD"
"1630",1630,"T0000256","flat",0.0829,"SD"
"1631",1631,"T0000256","flat",0.0501,"SD"
"1632",1632,"T0000256","flat",0.0578,"SD"
"1633",1633,"T0000256","flat",0.0384,"SD"
"1634",1634,"T0000256","flat",0.0916,"SD"
"1635",1635,"T0000256","flat",0.0768,"SD"
"1636",1636,"T0000256","flat",0.0936,"SD"
"1637",1637,"T0000256","flat",0.0916,"SD"
"1638",1638,"T0000256","flat",0.0163,"SD"
"1639",1639,"T0000256","flat",0.0721,"SD"
"1640",1640,"T0000256","flat",0.0696,"SD"
"1641",1641,"T0000256","flat",0.0737,"SD"
"1642",1642,"T0000256","flat",0.0486,"SD"
"1643",1643,"T0000256","flat",0.0522,"SD"
"1644",1644,"T0000256","flat",0.0337,"SD"
"1645",1645,"T0000256","flat",0.064,"SD"
"1646",1646,"T0000256","flat",0.0967,"SD"
"1647",1647,"T0000256","flat",0.1126,"SD"
"1648",1648,"T0000256","flat",0.1162,"SD"
"1649",1649,"T0000256","flat",0.1039,"SD"
"1650",1650,"T0000256","flat",0.0716,"SD"
"1651",1651,"T0000256","flat",0.1039,"SD"
"1652",1652,"T0000256","flat",0.1182,"SD"
"1653",1653,"T0000256","flat",0.0798,"SD"
"1654",1654,"T0000256","flat",0.0855,"SD"
"1655",1655,"T0000256","flat",0.0967,"SD"
"1656",1656,"T0000256","flat",0.0675,"SD"
"1657",1657,"T0000256","flat",0.0215,"SD"
"1658",1658,"T0000256","flat",0.0942,"SD"
"1659",1659,"T0000256","flat",0.0307,"SD"
"1660",1660,"T0000256","flat",0.0583,"SD"
"1661",1661,"T0000256","flat",0.0476,"SD"
"1662",1662,"T0000256","flat",0.1259,"SD"
"1663",1663,"T0000256","flat",0.0481,"SD"
"1664",1664,"T0000256","flat",0.1935,"SD"
"1665",1665,"T0000256","flat",0.1177,"SD"
"1666",1666,"T0000256","flat",0.1187,"SD"
"1667",1667,"T0000256","flat",0.0486,"SD"
"1668",1668,"T0000256","flat",0.0696,"SD"
"1669",1669,"T0000256","flat",0.11,"SD"
"1670",1670,"T0000256","flat",0.1177,"SD"
"1671",1671,"T0000256","flat",0.1198,"SD"
"1672",1672,"T0000256","flat",0.1377,"SD"
"1673",1673,"T0000256","flat",0.11,"SD"
"1674",1674,"T0000256","flat",0.0496,"SD"
"1675",1675,"T0000256","flat",0.0578,"SD"
"1676",1676,"T0000256","flat",0.0691,"SD"
"1677",1677,"T0000256","flat",0.088,"SD"
"1678",1678,"T0000256","flat",0.0706,"SD"
"1679",1679,"T0000256","flat",0.0686,"SD"
"1680",1680,"T0000256","flat",0.0133,"SD"
"1681",1681,"T0000256","flat",0.0732,"SD"
"1682",1682,"T0000256","flat",0.0404,"SD"
"1683",1683,"T0000256","flat",0.0471,"SD"
"1684",1684,"T0000256","flat",0.046,"SD"
"1685",1685,"T0000256","flat",0.1054,"SD"
"1686",1686,"T0000256","flat",0.0819,"SD"
"1687",1687,"T0000256","flat",0.1126,"SD"
"1688",1688,"T0000256","flat",0.1044,"SD"
"1689",1689,"T0000256","flat-mz",0.0993,"SD"
"1690",1690,"T0000256","flat-mz",0.0936,"SD"
"1691",1691,"T0000256","flat",0.1141,"SD"
"1692",1692,"T0000256","flat",0.066,"SD"
"1693",1693,"T0000256","flat",0.11,"SD"
"1694",1694,"T0000256","flat-mz",0.13,"SD"
"1695",1695,"T0000256","flat-mz",0.0952,"SD"
"1696",1696,"T0000256","flat-mz",0.0834,"SD"
"1697",1697,"T0000256","flat-z",0.0563,"SD"
"1698",1698,"T0000256","flat",0.0353,"SD"
"1699",1699,"T0000256","flat",0.0378,"SD"
"1700",1700,"T0000256","flat",0.1059,"SD"
"1701",1701,"T0000256","flat",0.1233,"SD"
"1702",1702,"T0000256","flat",0.1162,"SD"
"1703",1703,"T0000256","flat",0.1192,"SD"
"1704",1704,"T0000256","flat",0.0768,"SD"
"1705",1705,"T0000256","flat",0.0409,"SD"
"1706",1706,"T0000256","flat",0.1157,"SD"
"1707",1707,"T0000256","flat",0.1259,"SD"
"1708",1708,"T0000256","flat",0.0962,"SD"
"1709",1709,"T0000256","flat",0.0158,"SD"
"1710",1710,"T0000256","flat",0.0993,"SD"
"1711",1711,"T0000256","flat",0.0834,"SD"
"1712",1712,"T0000256","flat",0.1157,"SD"
"1713",1713,"T0000256","flat",0.0768,"SD"
"1714",1714,"T0000256","flat",0.0834,"SD"
"1715",1715,"T0000256","flat",0.1259,"SD"
"1716",1716,"T0000256","flat",0.1367,"SD"
"1717",1717,"T0000256","flat",0.0834,"SD"
"1718",1718,"T0000256","flat",0.0942,"SD"
"1719",1719,"T0000256","flat",0.0261,"SD"
"1720",1720,"T0000256","flat",0.1116,"SD"
"1721",1721,"T0000256","flat",0.1054,"SD"
"1722",1722,"T0000256","flat",0.1049,"SD"
"1723",1723,"T0000256","flat",0.0414,"SD"
"1724",1724,"T0000256","flat",0.1228,"SD"
"1725",1725,"T0000256","flat",0.0471,"SD"
"1726",1726,"T0000256","flat",0.0512,"SD"
"1727",1727,"T0000256","flat",0.0988,"SD"
"1728",1728,"T0000256","flat",0.0696,"SD"
"1729",1729,"T0000256","flat",0.0747,"SD"
"1730",1730,"T0000256","flat",0.1141,"SD"
"1731",1731,"T0000256","short",0.0051,"SD"
"1732",1732,"T0000256","flat-z",0.0844,"SD"
"1733",1733,"T0000256","flat",0.0931,"SD"
"1734",1734,"T0000256","flat",0.1244,"SD"
"1735",1735,"T0000256","flat",0.0573,"SD"
"1736",1736,"T0000256","flat",0.1008,"SD"
"1737",1737,"T0000256","short",0.0051,"SD"
"1738",1738,"T0000256","flat",0.1152,"SD"
"1739",1739,"T0000256","flat",0.1003,"SD"
"1740",1740,"T0000256","flat",0.0788,"SD"
"1741",1741,"T0000256","flat-z",0.0655,"SD"
"1742",1742,"T0000256","flat",0.0624,"SD"
"1743",1743,"T0000256","flat",0.1054,"SD"
"1744",1744,"T0000256","flat",0.1013,"SD"
"1745",1745,"T0000256","flat-z",0.0691,"SD"
"1746",1746,"T0000256","flat",0.1198,"SD"
"1747",1747,"T0000256","flat",0.0609,"SD"
"1748",1748,"T0000256","flat",0.0261,"SD"
"1749",1749,"T0000256","flat",0.0245,"SD"
"1750",1750,"T0000256","flat",0.1044,"SD"
"1751",1751,"T0000256","flat-z",0.0983,"SD"
"1752",1752,"T0000256","flat",0.1111,"SD"
"1753",1753,"T0000256","flat",0.1244,"SD"
"1754",1754,"T0000256","flat",0.0721,"SD"
"1755",1755,"T0000256","flat",0.1044,"SD"
"1756",1756,"T0000256","flat-mz",0.1218,"SD"
"1757",1757,"T0000256","flat",0.0911,"SD"
"1758",1758,"T0000256","flat",0.0307,"SD"
"1759",1759,"T0000256","flat",0.0394,"SD"
"1760",1760,"T0000256","flat",0.0952,"SD"
"1761",1761,"T0000256","flat",0.1018,"SD"
"1762",1762,"T0000256","flat",0.0629,"SD"
"1763",1763,"T0000256","flat",0.0921,"SD"
"1764",1764,"T0000256","flat",0.0921,"SD"
"1765",1765,"T0000256","flat",0.0993,"SD"
"1766",1766,"T0000256","flat",0.0286,"SD"
"1767",1767,"T0000256","flat",0.1152,"SD"
"1768",1768,"T0000256","flat",0.1187,"SD"
"1769",1769,"T0000256","flat",0.0128,"SD"
"1770",1770,"T0000256","flat",0.0204,"SD"
"1771",1771,"T0000256","flat",0.0988,"SD"
"1772",1772,"T0000256","flat-z",0.0716,"SD"
"1773",1773,"T0000256","flat",0.0737,"SD"
"1774",1774,"T0000256","flat-z",0.0962,"SD"
"1775",1775,"T0000256","flat-z",0.0742,"SD"
"1776",1776,"T0000256","flat",0.0706,"SD"
"1777",1777,"T0000256","flat",0.0563,"SD"
"1778",1778,"T0000256","flat",0.0414,"SD"
"1779",1779,"T0000256","flat",0.107,"SD"
"1780",1780,"T0000256","flat",0.1341,"SD"
"1781",1781,"T0000256","flat",0.1285,"SD"
"1782",1782,"T0000256","flat",0.1428,"SD"
"1783",1783,"T0000256","flat",0.1474,"SD"
"1784",1784,"T0000256","flat",0.1254,"SD"
"1785",1785,"T0000256","flat",0.0583,"SD"
"1786",1786,"T0000256","flat",0.1008,"SD"
"1787",1787,"T0000256","flat",0.0491,"SD"
"1788",1788,"T0000256","flat",0.1136,"SD"
"1789",1789,"T0000256","flat",0.0711,"SD"
"1790",1790,"T0000256","flat",0.0844,"SD"
"1791",1791,"T0000256","flat",0.0629,"SD"
"1792",1792,"T0000256","flat",0.0389,"SD"
"1793",1793,"T0000256","flat",0.0256,"SD"
"1794",1794,"T0000256","flat",0.0931,"SD"
"1795",1795,"T0000256","flat",0.1239,"SD"
"1796",1796,"T0000256","flat",0.0834,"SD"
"1797",1797,"T0000256","flat",0.0901,"SD"
"1798",1798,"T0000256","flat",0.1249,"SD"
"1799",1799,"T0000256","flat",0.1372,"SD"
"1800",1800,"T0000256","flat",0.1024,"SD"
"1801",1801,"T0000256","flat",0.0967,"SD"
"1802",1802,"T0000256","flat",0.1075,"SD"
"1803",1803,"T0000256","flat",0.107,"SD"
"1804",1804,"T0000256","flat",0.0624,"SD"
"1805",1805,"T0000256","flat",0.0281,"SD"
"1806",1806,"T0000256","flat",0.1126,"SD"
"1807",1807,"T0000256","flat",0.1111,"SD"
"1808",1808,"T0000256","flat",0.0465,"SD"
"1809",1809,"T0000256","flat",0.1402,"SD"
"1810",1810,"T0000256","flat",0.1454,"SD"
"1811",1811,"T0000256","flat",0.0716,"SD"
"1812",1812,"T0000256","flat",0.1269,"SD"
"1813",1813,"T0000256","flat",0.1059,"SD"
"1814",1814,"T0000256","flat",0.1249,"SD"
"1815",1815,"T0000256","flat",0.0634,"SD"
"1816",1816,"T0000256","flat",0.1438,"SD"
"1817",1817,"T0000256","flat",0.131,"SD"
"1818",1818,"T0000256","flat",0.0496,"SD"
"1819",1819,"T0000256","flat",0.0834,"SD"
"1820",1820,"T0000256","flat",0.132,"SD"
"1821",1821,"T0000256","flat",0.132,"SD"
"1822",1822,"T0000256","flat",0.1141,"SD"
"1823",1823,"T0000256","flat",0.0522,"SD"
"1824",1824,"T0000256","flat",0.0174,"SD"
"1825",1825,"T0000256","flat",0.131,"SD"
"1826",1826,"T0000256","flat",0.108,"SD"
"1827",1827,"T0000256","flat",0.1203,"SD"
"1828",1828,"T0000256","flat",0.1346,"SD"
"1829",1829,"T0000256","flat",0.1474,"SD"
"1830",1830,"T0000256","flat",0.1141,"SD"
"1831",1831,"T0000256","flat",0.1208,"SD"
"1832",1832,"T0000256","flat",0.1351,"SD"
"1833",1833,"T0000256","flat",0.1448,"SD"
"1834",1834,"T0000256","flat",0.129,"SD"
"1835",1835,"T0000256","flat",0.1172,"SD"
"1836",1836,"T0000256","flat",0.1213,"SD"
"1837",1837,"T0000256","flat",0.0783,"SD"
"1838",1838,"T0000256","flat",0.1157,"SD"
"1839",1839,"T0000256","flat",0.1111,"SD"
"1840",1840,"T0000256","flat",0.0696,"SD"
"1841",1841,"T0000256","flat",0.1111,"SD"
"1842",1842,"T0000256","flat",0.0808,"SD"
"1843",1843,"T0000256","flat",0.1105,"SD"
"1844",1844,"T0000256","flat",0.1239,"SD"
"1845",1845,"T0000256","flat",0.129,"SD"
"1846",1846,"T0000256","flat",0.0793,"SD"
"1847",1847,"T0000256","flat",0.1167,"SD"
"1848",1848,"T0000256","flat",0.1525,"SD"
"1849",1849,"T0000256","flat",0.1489,"SD"
"1850",1850,"T0000256","flat",0.0209,"SD"
"1851",1851,"T0000256","flat",0.0501,"SD"
"1852",1852,"T0000256","flat",0.1361,"SD"
"1853",1853,"T0000256","flat",0.1167,"SD"
"1854",1854,"T0000256","flat",0.0506,"SD"
"1855",1855,"T0000256","flat",0.0373,"SD"
"1856",1856,"T0000256","flat",0.1392,"SD"
"1857",1857,"T0000256","flat",0.1003,"SD"
"1858",1858,"T0000256","flat",0.0634,"SD"
"1859",1859,"T0000256","short",0.0076,"SD"
"1860",1860,"T0000256","flat",0.1525,"SD"
"1861",1861,"T0000256","flat-mz",0.1264,"SD"
"1862",1862,"T0000256","flat",0.1162,"SD"
"1863",1863,"T0000256","flat-mz",0.1223,"SD"
"1864",1864,"T0000256","flat-mz",0.1059,"SD"
"1865",1865,"T0000256","flat-mz",0.1054,"SD"
"1866",1866,"T0000256","flat",0.0532,"SD"
"1867",1867,"T0000256","flat-mz",0.0896,"SD"
"1868",1868,"T0000256","flat",0.088,"SD"
"1869",1869,"T0000256","inverted-u",0.0291,"SD"
"1870",1870,"T0000256","flat",0.0885,"SD"
"1871",1871,"T0000256","flat",0.0573,"SD"
"1872",1872,"T0000256","flat",0.0563,"SD"
"1873",1873,"T0000256","flat-z",0.0696,"SD"
"1874",1874,"T0000256","flat-mz",0.132,"SD"
"1875",1875,"T0000256","flat",0.0547,"SD"
"1876",1876,"T0000256","flat",0.0404,"SD"
"1877",1877,"T0000256","flat-z",0.0993,"SD"
"1878",1878,"T0000256","flat-z",0.0834,"SD"
"1879",1879,"T0000256","flat",0.0983,"SD"
"1880",1880,"T0000256","flat",0.045,"SD"
"1881",1881,"T0000256","flat",0.0967,"SD"
"1882",1882,"T0000256","flat",0.0537,"SD"
"1883",1883,"T0000256","complex",0.0465,"SD"
"1884",1884,"T0000256","flat-z",0.0793,"SD"
"1885",1885,"T0000256","flat",0.0819,"SD"
"1886",1886,"T0000256","flat-z",0.0711,"SD"
"1887",1887,"T0000256","flat",0.0317,"SD"
"1888",1888,"T0000256","flat",0.0471,"SD"
"1889",1889,"T0000256","flat",0.0972,"SD"
"1890",1890,"T0000256","flat",0.0634,"SD"
"1891",1891,"T0000256","flat",0.0501,"SD"
"1892",1892,"T0000256","flat",0.0588,"SD"
"1893",1893,"T0000256","short",0.0112,"SD"
"1894",1894,"T0000256","flat-z",0.0931,"SD"
"1895",1895,"T0000256","flat",0.1059,"SD"
"1896",1896,"T0000256","flat-z",0.0993,"SD"
"1897",1897,"T0000256","flat-mz",0.1054,"SD"
"1898",1898,"T0000256","flat",0.0153,"SD"
"1899",1899,"T0000256","flat",0.0931,"SD"
"1900",1900,"T0000256","flat",0.0803,"SD"
"1901",1901,"T0000256","flat",0.0844,"SD"
"1902",1902,"T0000256","flat-z",0.1126,"SD"
"1903",1903,"T0000256","flat-mz",0.1244,"SD"
"1904",1904,"T0000256","flat-mz",0.1192,"SD"
"1905",1905,"T0000256","flat-mz",0.1254,"SD"
"1906",1906,"T0000256","flat-z",0.1259,"SD"
"1907",1907,"T0000256","flat",0.1152,"SD"
"1908",1908,"T0000256","flat",0.1305,"SD"
"1909",1909,"T0000256","flat",0.1141,"SD"
"1910",1910,"T0000256","flat",0.1228,"SD"
"1911",1911,"T0000256","flat",0.1111,"SD"
"1912",1912,"T0000256","flat",0.0317,"SD"
"1913",1913,"T0000256","flat",0.1187,"SD"
"1914",1914,"T0000256","flat",0.0609,"SD"
"1915",1915,"T0000256","flat",0.1228,"SD"
"1916",1916,"T0000256","flat-mz",0.131,"SD"
"1917",1917,"T0000256","flat",0.1408,"SD"
"1918",1918,"T0000256","flat",0.1479,"SD"
"1919",1919,"T0000256","flat-mz",0.1177,"SD"
"1920",1920,"T0000256","flat-z",0.1351,"SD"
"1921",1921,"T0000256","flat-mz",0.0875,"SD"
"1922",1922,"T0000256","short-dr",0.0087,"SD"
"1923",1923,"T0000256","flat-mz",0.1111,"SD"
"1924",1924,"T0000256","flat-mz",0.0972,"SD"
"1925",1925,"T0000256","flat",0.1075,"SD"
"1926",1926,"T0000256","flat-mz",0.1059,"SD"
"1927",1927,"T0000256","flat-z",0.1059,"SD"
"1928",1928,"T0000256","flat-mz",0.1018,"SD"
"1929",1929,"T0000256","flat",0.0752,"SD"
"1930",1930,"T0000256","flat-mz",0.0921,"SD"
"1931",1931,"T0000256","flat-mz",0.0972,"SD"
"1932",1932,"T0000256","inverted-u",0.046,"SD"
"1933",1933,"T0000256","inverted-u",0.0363,"SD"
"1934",1934,"T0000256","complex",0.0803,"SD"
"1935",1935,"T0000256","flat-z",0.0696,"SD"
"1936",1936,"T0000256","flat-mz",0.1049,"SD"
"1937",1937,"T0000256","flat",0.0148,"SD"
"1938",1938,"T0000256","flat-mz",0.1075,"SD"
"1939",1939,"T0000256","flat",0.0732,"SD"
"1940",1940,"T0000256","short",0.0061,"SD"
"1941",1941,"T0000256","flat-mz",0.0732,"SD"
"1942",1942,"T0000256","flat",0.024,"SD"
"1943",1943,"T0000256","short",0.0035,"SD"
"1944",1944,"T0000256","flat-z",0.0896,"SD"
"1945",1945,"T0000256","flat-z",0.1105,"SD"
"1946",1946,"T0000256","short",0.0015,"SD"
"1947",1947,"T0000256","flat",0.0624,"SD"
"1948",1948,"T0000256","flat",0.0788,"SD"
"1949",1949,"T0000256","flat-z",0.0532,"SD"
"1950",1950,"T0000256","flat",0.1162,"SD"
"1951",1951,"T0000256","short",0.0117,"SD"
"1952",1952,"T0000256","flat",0.0711,"SD"
"1953",1953,"T0000256","flat-z",0.1326,"SD"
"1954",1954,"T0000256","short",0.0061,"SD"
"1955",1955,"T0000256","flat",0.0798,"SD"
"1956",1956,"T0000256","flat-mz",0.129,"SD"
"1957",1957,"T0000256","flat",0.1024,"SD"
"1958",1958,"T0000256","flat",0.1136,"SD"
"1959",1959,"T0000256","flat",0.0727,"SD"
"1960",1960,"T0000256","flat",0.1192,"SD"
"1961",1961,"T0000256","flat",0.1443,"SD"
"1962",1962,"T0000256","flat",0.1341,"SD"
"1963",1963,"T0000256","flat",0.1157,"SD"
"1964",1964,"T0000256","flat",0.0327,"SD"
"1965",1965,"T0000256","flat",0.1218,"SD"
"1966",1966,"T0000256","flat-z",0.0957,"SD"
"1967",1967,"T0000256","flat",0.1054,"SD"
"1968",1968,"T0000256","flat-mz",0.0855,"SD"
"1969",1969,"T0000256","flat",0.0762,"SD"
"1970",1970,"T0000256","flat",0.0788,"SD"
"1971",1971,"T0000256","flat",0.0481,"SD"
"1972",1972,"T0000256","short",0.0051,"SD"
"1973",1973,"T0000256","flat",0.0512,"SD"
"1974",1974,"T0000256","short",0.0066,"SD"
"1975",1975,"T0000256","flat",0.0599,"SD"
"1976",1976,"T0000256","flat-z",0.0829,"SD"
"1977",1977,"T0000256","flat",0.0368,"SD"
"1978",1978,"T0000256","flat-z",0.0547,"SD"
"1979",1979,"T0000256","short",0.003,"SD"
"1980",1980,"T0000256","flat-z",0.0829,"SD"
"1981",1981,"T0000256","flat",0.1095,"SD"
"1982",1982,"T0000256","flat",0.0506,"SD"
"1983",1983,"T0000256","flat",0.128,"SD"
"1984",1984,"T0000256","flat-mz",0.1187,"SD"
"1985",1985,"T0000256","flat-mz",0.128,"SD"
"1986",1986,"T0000256","flat",0.1233,"SD"
"1987",1987,"T0000256","flat",0.1198,"SD"
"1988",1988,"T0000256","flat-z",0.1146,"SD"
"1989",1989,"T0000256","flat",0.131,"SD"
"1990",1990,"T0000256","short",0.0015,"SD"
"1991",1991,"T0000256","flat",0.1111,"SD"
"1992",1992,"T0000256","flat-z",0.0931,"SD"
"1993",1993,"T0000256","flat-z",0.129,"SD"
"1994",1994,"T0000256","flat-z",0.1336,"SD"
"1995",1995,"T0000256","flat",0.1131,"SD"
"1996",1996,"T0000256","flat",0.0486,"SD"
"1997",1997,"T0000256","flat",0.1024,"SD"
"1998",1998,"T0000256","flat",0.1013,"SD"
"1999",1999,"T0000256","flat-z",0.132,"SD"
"2000",2000,"T0000256","flat",0.1182,"SD"
"2001",2001,"T0000256","flat-mz",0.1172,"SD"
"2002",2002,"T0000256","flat-z",0.1105,"SD"
"2003",2003,"T0000256","flat-mz",0.129,"SD"
"2004",2004,"T0000256","flat-mz",0.1259,"SD"
"2005",2005,"T0000256","flat-mz",0.1162,"SD"
"2006",2006,"T0000256","flat",0.1059,"SD"
"2007",2007,"T0000256","flat-z",0.0373,"SD"
"2008",2008,"T0000256","short-dr",0.0046,"SD"
"2009",2009,"T0000256","flat-z",0.109,"SD"
"2010",2010,"T0000256","flat-z",0.0624,"SD"
"2011",2011,"T0000256","flat-mz",0.0977,"SD"
"2012",2012,"T0000256","flat-z",0.0721,"SD"
"2013",2013,"T0000256","flat-mz",0.0619,"SD"
"2014",2014,"T0000256","complex",0.0573,"SD"
"2015",2015,"T0000256","flat-mz",0.11,"SD"
"2016",2016,"T0000256","flat-z",0.1111,"SD"
"2017",2017,"T0000256","flat-mz",0.0788,"SD"
"2018",2018,"T0000256","flat-mz",0.1218,"SD"
"2019",2019,"T0000256","flat-mz",0.1136,"SD"
"2020",2020,"T0000256","flat",0.0737,"SD"
"2021",2021,"T0000256","flat-mz",0.1059,"SD"
"2022",2022,"T0000256","flat-mz",0.0983,"SD"
"2023",2023,"T0000256","flat-z",0.0824,"SD"
"2024",2024,"T0000256","flat-mz",0.1254,"SD"
"2025",2025,"T0000256","flat",0.0926,"SD"
"2026",2026,"T0000256","flat",0.108,"SD"
"2027",2027,"T0000256","flat-z",0.0983,"SD"
"2028",2028,"T0000256","flat-z",0.0865,"SD"
"2029",2029,"T0000256","flat-z",0.0778,"SD"
"2030",2030,"T0000256","flat-z",0.1029,"SD"
"2031",2031,"T0000256","flat",0.0404,"SD"
"2032",2032,"T0000256","flat-z",0.109,"SD"
"2033",2033,"T0000256","inverted-u",0.0394,"SD"
"2034",2034,"T0000256","flat",0.0481,"SD"
"2035",2035,"T0000256","flat",0.1146,"SD"
"2036",2036,"T0000256","flat",0.1331,"SD"
"2037",2037,"T0000256","flat",0.1152,"SD"
"2038",2038,"T0000256","flat-z",0.1367,"SD"
"2039",2039,"T0000256","flat",0.1474,"SD"
"2040",2040,"T0000256","flat",0.0599,"SD"
"2041",2041,"T0000256","flat",0.1008,"SD"
"2042",2042,"T0000256","flat",0.1233,"SD"
"2043",2043,"T0000256","flat",0.1269,"SD"
"2044",2044,"T0000256","flat",0.132,"SD"
"2045",2045,"T0000256","flat",0.1356,"SD"
"2046",2046,"T0000256","flat",0.1413,"SD"
"2047",2047,"T0000256","flat",0.0829,"SD"
"2048",2048,"T0000256","flat",0.1187,"SD"
"2049",2049,"T0000256","flat",0.1116,"SD"
"2050",2050,"T0000256","flat",0.1448,"SD"
"2051",2051,"T0000256","flat",0.128,"SD"
"2052",2052,"T0000256","flat",0.1351,"SD"
"2053",2053,"T0000256","flat",0.1367,"SD"
"2054",2054,"T0000256","flat-mz",0.1126,"SD"
"2055",2055,"T0000256","flat-mz",0.1172,"SD"
"2056",2056,"T0000256","flat-mz",0.1259,"SD"
"2057",2057,"T0000256","flat-mz",0.1259,"SD"
"2058",2058,"T0000256","flat",0.1274,"SD"
"2059",2059,"T0000256","flat",0.0911,"SD"
"2060",2060,"T0000256","short",0.0066,"SD"
"2061",2061,"T0000256","flat",0.0737,"SD"
"2062",2062,"T0000256","short",0.0061,"SD"
"2063",2063,"T0000256","flat-z",0.1356,"SD"
"2064",2064,"T0000256","flat",0.13,"SD"
"2065",2065,"T0000256","flat",0.089,"SD"
"2066",2066,"T0000256","flat",0.0737,"SD"
"2067",2067,"T0000256","flat",0.0737,"SD"
"2068",2068,"T0000256","flat-z",0.0885,"SD"
"2069",2069,"T0000256","flat-mz",0.1428,"SD"
"2070",2070,"T0000256","flat",0.132,"SD"
"2071",2071,"T0000256","flat",0.1464,"SD"
"2072",2072,"T0000256","flat",0.0389,"SD"
"2073",2073,"T0000256","flat",0.1331,"SD"
"2074",2074,"T0000256","flat",0.1131,"SD"
"2075",2075,"T0000256","flat",0.1546,"SD"
"2076",2076,"T0000256","flat-mz",0.0773,"SD"
"2077",2077,"T0000256","flat-z",0.1111,"SD"
"2078",2078,"T0000256","flat",0.1489,"SD"
"2079",2079,"T0000256","flat-mz",0.1244,"SD"
"2080",2080,"T0000256","flat",0.1018,"SD"
"2081",2081,"T0000256","short",0.0035,"SD"
"2082",2082,"T0000256","flat-mz",0.1203,"SD"
"2083",2083,"T0000256","flat-mz",0.1157,"SD"
"2084",2084,"T0000256","flat-mz",0.1459,"SD"
"2085",2085,"T0000256","flat",0.1269,"SD"
"2086",2086,"T0000256","flat",0.1285,"SD"
"2087",2087,"T0000256","flat",0.1187,"SD"
"2088",2088,"T0000256","flat-z",0.1285,"SD"
"2089",2089,"T0000256","flat-mz",0.1269,"SD"
"2090",2090,"T0000256","flat",0.1233,"SD"
"2091",2091,"T0000256","flat",0.1249,"SD"
"2092",2092,"T0000256","flat",0.1367,"SD"
"2093",2093,"T0000256","flat-mz",0.1459,"SD"
"2094",2094,"T0000256","flat-z",0.1489,"SD"
"2095",2095,"T0000256","flat-mz",0.1571,"SD"
"2096",2096,"T0000256","flat-z",0.1228,"SD"
"2097",2097,"T0000256","flat-mz",0.11,"SD"
"2098",2098,"T0000256","zhodf",0.004,"SD"
"2099",2099,"T0000256","flat-mz",0.0783,"SD"
"2100",2100,"T0000256","short-dr",0.0092,"SD"
"2101",2101,"T0000256","flat-mz",0.1018,"SD"
"2102",2102,"T0000256","flat-mz",0.1182,"SD"
"2103",2103,"T0000256","flat-mz",0.066,"SD"
"2104",2104,"T0000256","short-dr",0.0046,"SD"
"2105",2105,"T0000256","flat-mz",0.1136,"SD"
"2106",2106,"T0000256","flat-mz",0.1105,"SD"
"2107",2107,"T0000256","flat",0.0839,"SD"
"2108",2108,"T0000256","flat-mz",0.1024,"SD"
"2109",2109,"T0000256","flat-mz",0.1213,"SD"
"2110",2110,"T0000256","flat",0.0476,"SD"
"2111",2111,"T0000256","short-dr",0.0112,"SD"
"2112",2112,"T0000256","flat",0.1239,"SD"
"2113",2113,"T0000256","flat",0.0742,"SD"
"2114",2114,"T0000256","flat-z",0.0936,"SD"
"2115",2115,"T0000256","flat-mz",0.1111,"SD"
"2116",2116,"T0000256","flat-mz",0.0609,"SD"
"2117",2117,"T0000256","flat",0.0327,"SD"
"2118",2118,"T0000256","flat0z",0.0409,"SD"
"2119",2119,"T0000256","flat",0.1157,"SD"
"2120",2120,"T0000256","flat",0.0675,"SD"
"2121",2121,"T0000256","flat-z",0.0962,"SD"
"2122",2122,"T0000256","flat-z",0.0957,"SD"
"2123",2123,"T0000256","flat-mz",0.1218,"SD"
"2124",2124,"T0000304","short-c",0.0035,"WK"
"2125",2125,"T0000304","short-ur",0.004,"WK"
"2126",2126,"T0000304","short",0.0035,"WK"
"2127",2127,"T0000304","short",0.0025,"WK"
"2128",2128,"T0000304","short",0.0046,"WK"
"2129",2129,"T0000304","short",0.0056,"WK"
"2130",2130,"T0000304","short-c",0.0035,"WK"
"2131",2131,"T0000304","short-c",0.004,"WK"
"2132",2132,"T0000304","short-c",0.0035,"WK"
"2133",2133,"T0000304","short-c",0.0056,"WK"
"2134",2134,"T0000304","short-sd",0.0066,"WK"
"2135",2135,"T0000304","short-ur",0.0071,"WK"
"2136",2136,"T0000304","short",0.0081,"WK"
"2137",2137,"T0000304","short-ur",0.0035,"WK"
"2138",2138,"T0000304","short-ur",0.0035,"WK"
"2139",2139,"T0000304","short-ur",0.0056,"WK"
"2140",2140,"T0000304","short-c",0.0051,"WK"
"2141",2141,"T0000304","short",0.0046,"WK"
"2142",2142,"T0000304","short-c",0.0025,"WK"
